Company,country,KPI,fact_date,subscribers,qoq_abs,qoq_pct,rank_subscribers,rank_qoq_abs,rank_qoq_pct,is_decline,is_no_growth
AMC Plus,USA,SVOD subscribers,2021-09-30,4258800,,,14.0,,,False,False
AMC Plus,USA,SVOD subscribers,2021-12-31,4315500,56700.0,1.3313609467455523,16.0,24.0,94.0,False,False
AMC Plus,USA,SVOD subscribers,2022-03-31,4555250,239750.0,5.555555555555558,16.0,13.0,47.0,False,False
AMC Plus,USA,SVOD subscribers,2022-06-30,4938850,383600.0,8.421052631578952,15.0,9.0,25.0,False,False
AMC Plus,USA,SVOD subscribers,2022-09-30,5130650,191800.0,3.8834951456310662,15.0,15.0,57.0,False,False
AMC Plus,USA,SVOD subscribers,2022-12-31,5658100,527450.0,10.280373831775691,15.0,11.0,19.0,False,False
AT&T TV Now,USA,SVOD subscribers,2021-03-31,625044,,,31.0,,,False,False
AT&T TV Now,USA,SVOD subscribers,2021-06-30,602498,-22546.0,-3.6071060597333893,32.0,111.0,105.0,True,False
Acorn TV,USA,SVOD subscribers,2021-03-31,1745408,,,20.0,,,False,False
Acorn TV,USA,SVOD subscribers,2021-06-30,1867587,122179.0,7.000025209005578,20.0,18.0,45.0,False,False
Acorn TV,USA,SVOD subscribers,2021-09-30,1998318,130731.0,6.999995180947383,21.0,18.0,46.0,False,False
Acorn TV,USA,SVOD subscribers,2021-12-31,2025000,26682.0,1.3352229224778078,21.0,28.0,93.0,False,False
Acorn TV,USA,SVOD subscribers,2022-03-31,2137500,112500.0,5.555555555555558,21.0,20.0,47.0,False,False
Acorn TV,USA,SVOD subscribers,2022-06-30,2317500,180000.0,8.421052631578952,20.0,17.0,25.0,False,False
Acorn TV,USA,SVOD subscribers,2022-09-30,2407500,90000.0,3.8834951456310662,21.0,23.0,57.0,False,False
Acorn TV,USA,SVOD subscribers,2022-12-31,2655000,247500.0,10.280373831775691,20.0,17.0,19.0,False,False
Allblk,USA,SVOD subscribers,2021-03-31,69583,,,59.0,,,False,False
Allblk,USA,SVOD subscribers,2021-06-30,72018,2435.0,3.4994179612836573,60.0,59.0,58.0,False,False
Allblk,USA,SVOD subscribers,2021-09-30,74539,2521.0,3.5005137604487757,60.0,61.0,62.0,False,False
Allblk,USA,SVOD subscribers,2021-12-31,90900,16361.0,21.94958343954172,58.0,38.0,9.0,False,False
Allblk,USA,SVOD subscribers,2022-03-31,95950,5050.0,5.555555555555558,60.0,49.0,47.0,False,False
Allblk,USA,SVOD subscribers,2022-06-30,104030,8080.0,8.421052631578952,59.0,45.0,25.0,False,False
Allblk,USA,SVOD subscribers,2022-09-30,108070,4040.0,3.8834951456310662,57.0,56.0,57.0,False,False
Allblk,USA,SVOD subscribers,2022-12-31,119180,11110.0,10.280373831775691,57.0,45.0,19.0,False,False
Amazon Prime Video,USA,SVOD subscribers,2021-03-31,90037500,,,1.0,,,False,False
Amazon Prime Video,USA,SVOD subscribers,2021-06-30,90937875,900375.0,1.0000000000000009,1.0,8.0,91.0,False,False
Amazon Prime Video,USA,SVOD subscribers,2021-09-30,89119118,-1818757.0,-1.9999994501740836,1.0,112.0,109.0,True,False
Amazon Prime Video,USA,SVOD subscribers,2021-12-31,93575073,4455955.0,4.999998990115673,1.0,2.0,57.0,False,False
Amazon Prime Video,USA,SVOD subscribers,2022-03-31,94510824,935751.0,1.0000002885383719,1.0,7.0,93.0,False,False
Amazon Prime Video,USA,SVOD subscribers,2022-06-30,96873595,2362771.0,2.5000004232319517,1.0,3.0,61.0,False,False
Amazon Prime Video,USA,SVOD subscribers,2022-09-30,97842331,968736.0,1.0000000516136476,1.0,8.0,87.0,False,False
Amazon Prime Video,USA,SVOD subscribers,2022-12-31,98820754,978423.0,0.9999996831637326,1.0,5.0,97.0,False,False
Apple TV+,USA,SVOD subscribers,2021-03-31,18909651,,,6.0,,,False,False
Apple TV+,USA,SVOD subscribers,2021-06-30,21273358,2363707.0,12.500003305190566,6.0,3.0,20.0,False,False
Apple TV+,USA,SVOD subscribers,2021-09-30,24464361,3191003.0,14.999996709499275,5.0,2.0,15.0,False,False
Apple TV+,USA,SVOD subscribers,2021-12-31,23241143,-1223218.0,-4.999999795621068,6.0,117.0,113.0,True,False
Apple TV+,USA,SVOD subscribers,2022-03-31,22079086,-1162057.0,-4.999999354592843,7.0,115.0,106.0,True,False
Apple TV+,USA,SVOD subscribers,2022-06-30,24507786,2428700.0,11.00000244575341,6.0,2.0,15.0,False,False
Apple TV+,USA,SVOD subscribers,2022-09-30,26345869,1838083.0,7.499996123680863,6.0,2.0,34.0,False,False
Apple TV+,USA,SVOD subscribers,2022-12-31,28321810,1975941.0,7.500003131420718,6.0,3.0,39.0,False,False
Arrow Player,USA,SVOD subscribers,2021-03-31,20226,,,85.0,,,False,False
Arrow Player,USA,SVOD subscribers,2021-06-30,21744,1518.0,7.505191337881945,82.0,65.0,38.0,False,False
Arrow Player,USA,SVOD subscribers,2021-09-30,23376,1632.0,7.505518763796903,84.0,67.0,36.0,False,False
Arrow Player,USA,SVOD subscribers,2021-12-31,25136,1760.0,7.5290896646132754,81.0,69.0,37.0,False,False
Arrow Player,USA,SVOD subscribers,2022-03-31,27024,1888.0,7.511139401654998,82.0,65.0,29.0,False,False
Arrow Player,USA,SVOD subscribers,2022-06-30,29056,2032.0,7.519242155121364,83.0,64.0,31.0,False,False
Arrow Player,USA,SVOD subscribers,2022-09-30,31232,2176.0,7.488986784140961,84.0,68.0,39.0,False,False
Arrow Player,USA,SVOD subscribers,2022-12-31,33568,2336.0,7.479508196721318,84.0,68.0,43.0,False,False
AsianCrush,USA,SVOD subscribers,2021-03-31,27309,,,80.0,,,False,False
AsianCrush,USA,SVOD subscribers,2021-06-30,27856,547.0,2.0030026731114203,79.0,78.0,70.0,False,False
AsianCrush,USA,SVOD subscribers,2021-09-30,28413,557.0,1.9995692130959197,80.0,82.0,83.0,False,False
AsianCrush,USA,SVOD subscribers,2021-12-31,28981,568.0,1.9990849259141852,78.0,83.0,86.0,False,False
AsianCrush,USA,SVOD subscribers,2022-03-31,29561,580.0,2.0013112038921976,78.0,82.0,70.0,False,False
AsianCrush,USA,SVOD subscribers,2022-06-30,30152,591.0,1.9992557761915997,81.0,82.0,79.0,False,False
AsianCrush,USA,SVOD subscribers,2022-09-30,30755,603.0,1.9998673388166521,85.0,88.0,75.0,False,False
AsianCrush,USA,SVOD subscribers,2022-12-31,31370,615.0,1.9996748496179384,85.0,89.0,75.0,False,False
BET+,USA,SVOD subscribers,2021-03-31,882331,,,25.0,,,False,False
BET+,USA,SVOD subscribers,2021-06-30,1014174,131843.0,14.94257823877887,23.0,16.0,17.0,False,False
BET+,USA,SVOD subscribers,2021-09-30,1165717,151543.0,14.942504935050582,24.0,15.0,16.0,False,False
BET+,USA,SVOD subscribers,2021-12-31,1339905,174188.0,14.942563246482642,24.0,16.0,18.0,False,False
BET+,USA,SVOD subscribers,2022-03-31,1540121,200216.0,14.942551897336,24.0,16.0,14.0,False,False
BET+,USA,SVOD subscribers,2022-06-30,1770254,230133.0,14.942527242989346,23.0,13.0,12.0,False,False
BET+,USA,SVOD subscribers,2022-09-30,2034774,264520.0,14.942488479054417,23.0,11.0,14.0,False,False
BET+,USA,SVOD subscribers,2022-12-31,2338821,304047.0,14.942543987686108,22.0,14.0,13.0,False,False
Bally Sports+,USA,SVOD subscribers,2022-09-30,55000,,,67.0,,,False,False
Bally Sports+,USA,SVOD subscribers,2022-12-31,82500,27500.0,50.0,65.0,35.0,3.0,False,False
BlazeTV+,USA,SVOD subscribers,2021-03-31,457123,,,39.0,,,False,False
BlazeTV+,USA,SVOD subscribers,2021-06-30,461694,4571.0,0.9999496853144496,39.0,51.0,93.0,False,False
BlazeTV+,USA,SVOD subscribers,2021-09-30,466311,4617.0,1.0000129956204695,39.0,49.0,96.0,False,False
BlazeTV+,USA,SVOD subscribers,2021-12-31,470974,4663.0,0.9999764105929287,41.0,54.0,101.0,False,False
BlazeTV+,USA,SVOD subscribers,2022-03-31,475684,4710.0,1.0000552047459088,41.0,53.0,92.0,False,False
BlazeTV+,USA,SVOD subscribers,2022-06-30,480441,4757.0,1.0000336357750106,41.0,53.0,91.0,False,False
BlazeTV+,USA,SVOD subscribers,2022-09-30,485245,4804.0,0.9999146617378551,41.0,53.0,91.0,False,False
BlazeTV+,USA,SVOD subscribers,2022-12-31,490098,4853.0,1.000113344805209,41.0,57.0,94.0,False,False
Bleacher Report Live,USA,SVOD subscribers,2021-03-31,65950,,,60.0,,,False,False
Bleacher Report Live,USA,SVOD subscribers,2021-06-30,67269,1319.0,2.0000000000000018,61.0,68.0,74.0,False,False
Bleacher Report Live,USA,SVOD subscribers,2021-09-30,68614,1345.0,1.999435103836844,63.0,71.0,84.0,False,False
Boomerang,USA,SVOD subscribers,2021-03-31,265358,,,42.0,,,False,False
Boomerang,USA,SVOD subscribers,2021-06-30,273319,7961.0,3.0000979808409767,42.0,43.0,61.0,False,False
Boomerang,USA,SVOD subscribers,2021-09-30,281518,8199.0,2.999791452478595,43.0,43.0,64.0,False,False
Boomerang,USA,SVOD subscribers,2021-12-31,289964,8446.0,3.0001633998536503,42.0,48.0,66.0,False,False
Boomerang,USA,SVOD subscribers,2022-03-31,298663,8699.0,3.0000275896318263,42.0,45.0,64.0,False,False
Boomerang,USA,SVOD subscribers,2022-06-30,307622,8959.0,2.999702005270155,43.0,43.0,59.0,False,False
Boomerang,USA,SVOD subscribers,2022-09-30,316851,9229.0,3.0001105252550175,43.0,44.0,60.0,False,False
Boomerang,USA,SVOD subscribers,2022-12-31,326357,9506.0,3.0001483347062097,44.0,47.0,61.0,False,False
BossTV,USA,SVOD subscribers,2021-03-31,25875,,,81.0,,,False,False
BossTV,USA,SVOD subscribers,2021-06-30,32344,6469.0,25.00096618357488,76.0,46.0,8.0,False,False
BossTV,USA,SVOD subscribers,2021-09-30,29109,-3235.0,-10.001855058125154,79.0,107.0,113.0,True,False
BossTV,USA,SVOD subscribers,2021-12-31,20377,-8732.0,-29.997595245456733,87.0,114.0,116.0,True,False
Britbox,USA,SVOD subscribers,2021-03-31,1260184,,,21.0,,,False,False
Britbox,USA,SVOD subscribers,2021-06-30,1386203,126019.0,10.000047612094743,21.0,17.0,24.0,False,False
Britbox,USA,SVOD subscribers,2021-09-30,1524823,138620.0,9.99997835814812,23.0,17.0,24.0,False,False
Britbox,USA,SVOD subscribers,2021-12-31,1601064,76241.0,4.999990162792667,23.0,22.0,58.0,False,False
Britbox,USA,SVOD subscribers,2022-03-31,1681117,80053.0,4.999987508306969,23.0,22.0,56.0,False,False
Britbox,USA,SVOD subscribers,2022-06-30,1765173,84056.0,5.000008922638943,24.0,22.0,50.0,False,False
Britbox,USA,SVOD subscribers,2022-09-30,1853432,88259.0,5.000019828084845,24.0,24.0,48.0,False,False
Britbox,USA,SVOD subscribers,2022-12-31,1946103,92671.0,4.999967627622692,24.0,26.0,54.0,False,False
Broadway HD,USA,SVOD subscribers,2021-03-31,7129,,,104.0,,,False,False
Broadway HD,USA,SVOD subscribers,2021-06-30,7271,142.0,1.9918642165801748,104.0,91.0,81.0,False,False
Broadway HD,USA,SVOD subscribers,2021-09-30,7417,146.0,2.007976894512442,106.0,93.0,73.0,False,False
Broadway HD,USA,SVOD subscribers,2021-12-31,7565,148.0,1.9954159363624102,102.0,96.0,88.0,False,False
Broadway HD,USA,SVOD subscribers,2022-03-31,7716,151.0,1.9960343688037119,104.0,94.0,82.0,False,False
Broadway HD,USA,SVOD subscribers,2022-06-30,7871,155.0,2.0088128564022867,104.0,93.0,68.0,False,False
Broadway HD,USA,SVOD subscribers,2022-09-30,8028,157.0,1.9946639562952617,106.0,98.0,80.0,False,False
Broadway HD,USA,SVOD subscribers,2022-12-31,8189,161.0,2.005480817140004,106.0,97.0,69.0,False,False
Brown Sugar,USA,SVOD subscribers,2021-03-31,4871,,,107.0,,,False,False
Brown Sugar,USA,SVOD subscribers,2021-06-30,5041,170.0,3.4900431122972586,108.0,88.0,59.0,False,False
Brown Sugar,USA,SVOD subscribers,2021-09-30,5218,177.0,3.511208093632212,109.0,90.0,61.0,False,False
Brown Sugar,USA,SVOD subscribers,2021-12-31,6363,1145.0,21.943273284783448,106.0,77.0,10.0,False,False
Brown Sugar,USA,SVOD subscribers,2022-03-31,6717,354.0,5.5634134842055705,106.0,89.0,46.0,False,False
Brown Sugar,USA,SVOD subscribers,2022-06-30,7282,565.0,8.41149322614263,105.0,84.0,26.0,False,False
Brown Sugar,USA,SVOD subscribers,2022-09-30,7565,283.0,3.8862949739082664,107.0,93.0,56.0,False,False
Brown Sugar,USA,SVOD subscribers,2022-12-31,8343,778.0,10.284203569068072,104.0,85.0,18.0,False,False
C Spire,USA,SVOD subscribers,2021-03-31,125837,,,52.0,,,False,False
C Spire,USA,SVOD subscribers,2021-06-30,122062,-3775.0,-2.9999125853286346,54.0,106.0,103.0,True,False
C Spire,USA,SVOD subscribers,2021-09-30,118400,-3662.0,-3.0001146958103297,54.0,108.0,110.0,True,False
C Spire,USA,SVOD subscribers,2021-12-31,114848,-3552.0,-3.0000000000000027,54.0,112.0,111.0,True,False
C Spire,USA,SVOD subscribers,2022-03-31,111402,-3446.0,-3.0004876010030657,54.0,108.0,105.0,True,False
C Spire,USA,SVOD subscribers,2022-06-30,108060,-3342.0,-2.9999461410028516,57.0,109.0,108.0,True,False
C Spire,USA,SVOD subscribers,2022-09-30,104819,-3241.0,-2.9992596705534003,61.0,113.0,106.0,True,False
C Spire,USA,SVOD subscribers,2022-12-31,101674,-3145.0,-3.0004102309695746,61.0,114.0,108.0,True,False
Chaiflicks,USA,SVOD subscribers,2021-03-31,11470,,,93.0,,,False,False
Chaiflicks,USA,SVOD subscribers,2021-06-30,12610,1140.0,9.938971229293813,93.0,70.0,30.0,False,False
Chaiflicks,USA,SVOD subscribers,2021-09-30,13870,1260.0,9.992069785884228,94.0,72.0,27.0,False,False
Chaiflicks,USA,SVOD subscribers,2021-12-31,15260,1390.0,10.021629416005773,90.0,73.0,26.0,False,False
Chaiflicks,USA,SVOD subscribers,2022-03-31,16790,1530.0,10.026212319790307,88.0,70.0,19.0,False,False
Chaiflicks,USA,SVOD subscribers,2022-06-30,18470,1680.0,10.005955926146527,90.0,68.0,17.0,False,False
Chaiflicks,USA,SVOD subscribers,2022-09-30,20310,1840.0,9.962100703844069,91.0,73.0,26.0,False,False
Chaiflicks,USA,SVOD subscribers,2022-12-31,22340,2030.0,9.995076317085182,89.0,72.0,24.0,False,False
College Sports Live,USA,SVOD subscribers,2021-03-31,4286,,,109.0,,,False,False
College Sports Live,USA,SVOD subscribers,2021-06-30,3429,-857.0,-19.995333644423706,114.0,103.0,109.0,True,False
College Sports Live,USA,SVOD subscribers,2021-09-30,3772,343.0,10.002916302128906,116.0,86.0,20.0,False,False
College Sports Live,USA,SVOD subscribers,2021-12-31,4149,377.0,9.994697773064697,112.0,88.0,30.0,False,False
College Sports Live,USA,SVOD subscribers,2022-03-31,4564,415.0,10.00241021932995,110.0,87.0,22.0,False,False
College Sports Live,USA,SVOD subscribers,2022-06-30,5020,456.0,9.99123575810692,109.0,86.0,22.0,False,False
College Sports Live,USA,SVOD subscribers,2022-09-30,5522,502.0,10.000000000000009,111.0,90.0,21.0,False,False
College Sports Live,USA,SVOD subscribers,2022-12-31,6074,552.0,9.996378123868155,110.0,90.0,23.0,False,False
Crunchyroll,USA,SVOD subscribers,2021-03-31,2246463,,,19.0,,,False,False
Crunchyroll,USA,SVOD subscribers,2021-06-30,2612997,366534.0,16.31604882875881,18.0,13.0,13.0,False,False
Crunchyroll,USA,SVOD subscribers,2021-09-30,2836583,223586.0,8.556687971704523,18.0,13.0,30.0,False,False
Crunchyroll,USA,SVOD subscribers,2021-12-31,3161471,324888.0,11.45349880472386,18.0,14.0,22.0,False,False
Crunchyroll,USA,SVOD subscribers,2022-03-31,3390030,228559.0,7.229514362143452,18.0,14.0,37.0,False,False
Crunchyroll,USA,SVOD subscribers,2022-06-30,4271900,881870.0,26.013634097633354,17.0,5.0,4.0,False,False
Crunchyroll,USA,SVOD subscribers,2022-09-30,5063956,792056.0,18.541070717947527,16.0,9.0,7.0,False,False
Crunchyroll,USA,SVOD subscribers,2022-12-31,5804523,740567.0,14.624277936064223,14.0,8.0,15.0,False,False
Cultpix,USA,SVOD subscribers,2021-06-30,21927,,,81.0,,,False,False
Cultpix,USA,SVOD subscribers,2021-09-30,23571,1644.0,7.497605691613085,83.0,66.0,43.0,False,False
Cultpix,USA,SVOD subscribers,2021-12-31,25339,1768.0,7.500742437741281,80.0,68.0,39.0,False,False
Cultpix,USA,SVOD subscribers,2022-03-31,27240,1901.0,7.502269229251346,81.0,64.0,32.0,False,False
Cultpix,USA,SVOD subscribers,2022-06-30,29283,2043.0,7.499999999999996,82.0,63.0,35.0,False,False
Cultpix,USA,SVOD subscribers,2022-09-30,31479,2196.0,7.4992316361028655,83.0,67.0,36.0,False,False
Cultpix,USA,SVOD subscribers,2022-12-31,33840,2361.0,7.500238254074154,83.0,67.0,37.0,False,False
Curia,USA,SVOD subscribers,2021-09-30,5000,,,110.0,,,False,False
Curia,USA,SVOD subscribers,2021-12-31,7000,2000.0,39.99999999999999,105.0,66.0,2.0,False,False
Curia,USA,SVOD subscribers,2022-03-31,9450,2450.0,35.00000000000001,99.0,61.0,3.0,False,False
Curia,USA,SVOD subscribers,2022-06-30,12758,3308.0,35.00529100529099,96.0,57.0,2.0,False,False
Curia,USA,SVOD subscribers,2022-09-30,15947,3189.0,24.99608089042169,96.0,60.0,3.0,False,False
Curia,USA,SVOD subscribers,2022-12-31,19934,3987.0,25.001567692983006,94.0,60.0,5.0,False,False
CuriosityStream,USA,SVOD subscribers,2021-03-31,714000,,,30.0,,,False,False
CuriosityStream,USA,SVOD subscribers,2021-06-30,728280,14280.0,2.0000000000000018,29.0,39.0,74.0,False,False
CuriosityStream,USA,SVOD subscribers,2021-09-30,742846,14566.0,2.000054923930361,32.0,39.0,79.0,False,False
CuriosityStream,USA,SVOD subscribers,2021-12-31,757703,14857.0,2.000010769392313,32.0,40.0,80.0,False,False
CuriosityStream,USA,SVOD subscribers,2022-03-31,772857,15154.0,1.9999920813300154,32.0,38.0,76.0,False,False
CuriosityStream,USA,SVOD subscribers,2022-06-30,788314,15457.0,1.9999818853940532,33.0,36.0,75.0,False,False
CuriosityStream,USA,SVOD subscribers,2022-09-30,804080,15766.0,1.9999644811585338,33.0,38.0,74.0,False,False
CuriosityStream,USA,SVOD subscribers,2022-12-31,820162,16082.0,2.000049746293908,32.0,41.0,72.0,False,False
Dazn,USA,SVOD subscribers,2021-03-31,834300,,,27.0,,,False,False
Dazn,USA,SVOD subscribers,2021-06-30,850986,16686.0,2.0000000000000018,27.0,35.0,74.0,False,False
Dazn,USA,SVOD subscribers,2021-09-30,868006,17020.0,2.000032903008986,29.0,36.0,80.0,False,False
Dazn,USA,SVOD subscribers,2021-12-31,885366,17360.0,1.9999861752107773,30.0,36.0,81.0,False,False
Dazn,USA,SVOD subscribers,2022-03-31,973903,88537.0,10.000045179055883,29.0,21.0,24.0,False,False
Dazn,USA,SVOD subscribers,2022-06-30,1071293,97390.0,9.999969196110904,28.0,19.0,20.0,False,False
Dazn,USA,SVOD subscribers,2022-09-30,1178422,107129.0,9.999971996456614,27.0,20.0,22.0,False,False
Dazn,USA,SVOD subscribers,2022-12-31,1296265,117843.0,10.000067887395181,28.0,23.0,22.0,False,False
Dekkoo,USA,SVOD subscribers,2021-06-30,3370,,,115.0,,,False,False
Dekkoo,USA,SVOD subscribers,2021-09-30,3460,90.0,2.6706231454005858,117.0,96.0,66.0,False,False
Dekkoo,USA,SVOD subscribers,2021-12-31,3550,90.0,2.6011560693641522,115.0,99.0,67.0,False,False
Dekkoo,USA,SVOD subscribers,2022-03-31,3630,80.0,2.2535211267605604,114.0,99.0,69.0,False,False
Dekkoo,USA,SVOD subscribers,2022-06-30,3720,90.0,2.4793388429751984,115.0,97.0,64.0,False,False
Dekkoo,USA,SVOD subscribers,2022-09-30,3820,100.0,2.6881720430107503,117.0,102.0,61.0,False,False
Dekkoo,USA,SVOD subscribers,2022-12-31,3910,90.0,2.3560209424083878,116.0,102.0,66.0,False,False
Demand Africa,USA,SVOD subscribers,2021-03-31,7398,,,102.0,,,False,False
Demand Africa,USA,SVOD subscribers,2021-06-30,7842,444.0,6.001622060016221,101.0,79.0,48.0,False,False
Demand Africa,USA,SVOD subscribers,2021-09-30,8313,471.0,6.006120887528699,103.0,83.0,49.0,False,False
Demand Africa,USA,SVOD subscribers,2021-12-31,8811,498.0,5.990617105738005,99.0,85.0,49.0,False,False
Demand Africa,USA,SVOD subscribers,2022-03-31,9340,529.0,6.003858812847573,100.0,84.0,42.0,False,False
Demand Africa,USA,SVOD subscribers,2022-06-30,9901,561.0,6.006423982869369,100.0,85.0,44.0,False,False
Demand Africa,USA,SVOD subscribers,2022-09-30,10495,594.0,5.9993940006060065,102.0,89.0,44.0,False,False
Demand Africa,USA,SVOD subscribers,2022-12-31,11124,629.0,5.993330157217724,101.0,88.0,46.0,False,False
DirecTV Stream,USA,SVOD subscribers,2021-09-30,1625181,,,22.0,,,False,False
DirecTV Stream,USA,SVOD subscribers,2021-12-31,1722692,97511.0,6.000008614425112,22.0,21.0,48.0,False,False
DirecTV Stream,USA,SVOD subscribers,2022-03-31,1860507,137815.0,7.999979102474497,22.0,19.0,27.0,False,False
DirecTV Stream,USA,SVOD subscribers,2022-06-30,2009348,148841.0,8.000023649467591,22.0,18.0,27.0,False,False
DirecTV Stream,USA,SVOD subscribers,2022-09-30,2170096,160748.0,8.000007962781952,22.0,17.0,29.0,False,False
DirecTV Stream,USA,SVOD subscribers,2022-12-31,2343703,173607.0,7.999968664980717,21.0,20.0,34.0,False,False
Discovery+,USA,SVOD subscribers,2021-03-31,5304000,,,12.0,,,False,False
Discovery+,USA,SVOD subscribers,2021-06-30,7629600,2325600.0,43.84615384615385,12.0,4.0,5.0,False,False
Discovery+,USA,SVOD subscribers,2021-09-30,9873600,2244000.0,29.41176470588236,11.0,3.0,8.0,False,False
Discovery+,USA,SVOD subscribers,2021-12-31,11404008,1530408.0,15.500000000000004,10.0,7.0,14.0,False,False
Discovery+,USA,SVOD subscribers,2022-03-31,12129718,725710.0,6.36363987117512,11.0,8.0,41.0,False,False
Discovery+,USA,SVOD subscribers,2022-06-30,12888707,758989.0,6.257268305825403,10.0,6.0,42.0,False,False
Discovery+,USA,SVOD subscribers,2022-09-30,13010429,121722.0,0.9444081551392314,10.0,19.0,97.0,False,False
Discovery+,USA,SVOD subscribers,2022-12-31,13264634,254205.0,1.9538556338150048,11.0,16.0,84.0,False,False
Disney+,USA,SVOD subscribers,2021-03-31,33570000,,,4.0,,,False,False
Disney+,USA,SVOD subscribers,2021-06-30,34110000,540000.0,1.608579088471851,4.0,10.0,83.0,False,False
Disney+,USA,SVOD subscribers,2021-09-30,34920000,810000.0,2.37467018469657,4.0,8.0,70.0,False,False
Disney+,USA,SVOD subscribers,2021-12-31,38610000,3690000.0,10.567010309278357,4.0,4.0,25.0,False,False
Disney+,USA,SVOD subscribers,2022-03-31,39960000,1350000.0,3.4965034965035002,4.0,3.0,62.0,False,False
Disney+,USA,SVOD subscribers,2022-06-30,40050000,90000.0,0.22522522522523403,4.0,21.0,99.0,False,False
Disney+,USA,SVOD subscribers,2022-09-30,41760000,1710000.0,4.269662921348316,4.0,3.0,55.0,False,False
Disney+,USA,SVOD subscribers,2022-12-31,41940000,180000.0,0.4310344827586299,5.0,19.0,102.0,False,False
Dove Channel,USA,SVOD subscribers,2021-03-31,55869,,,64.0,,,False,False
Dove Channel,USA,SVOD subscribers,2021-06-30,200152,144283.0,258.25234029604974,44.0,15.0,1.0,False,False
Dove Channel,USA,SVOD subscribers,2021-09-30,344435,144283.0,72.08671409728606,41.0,16.0,2.0,False,False
Dove Channel,USA,SVOD subscribers,2021-12-31,488717,144282.0,41.88947116291899,39.0,18.0,1.0,False,False
Dove Channel,USA,SVOD subscribers,2022-03-31,633000,144283.0,29.522811770411096,35.0,18.0,6.0,False,False
Dove Channel,USA,SVOD subscribers,2022-06-30,639330,6330.0,1.0000000000000009,37.0,50.0,93.0,False,False
Dove Channel,USA,SVOD subscribers,2022-09-30,645723,6393.0,0.9999530758763031,37.0,51.0,89.0,False,False
Dove Channel,USA,SVOD subscribers,2022-12-31,652181,6458.0,1.0001192461783104,36.0,54.0,93.0,False,False
Dropout,USA,SVOD subscribers,2021-03-31,128680,,,50.0,,,False,False
Dropout,USA,SVOD subscribers,2021-06-30,146696,18016.0,14.00062169723344,51.0,34.0,18.0,False,False
Dropout,USA,SVOD subscribers,2021-09-30,167233,20537.0,13.999700059988008,50.0,29.0,18.0,False,False
Dropout,USA,SVOD subscribers,2021-12-31,190645,23412.0,13.999629259775293,48.0,30.0,19.0,False,False
Dropout,USA,SVOD subscribers,2022-03-31,217336,26691.0,14.00036717459152,47.0,30.0,16.0,False,False
Dropout,USA,SVOD subscribers,2022-06-30,247763,30427.0,13.999981595317855,46.0,27.0,13.0,False,False
Dropout,USA,SVOD subscribers,2022-09-30,282450,34687.0,14.000072650072859,46.0,29.0,16.0,False,False
Dropout,USA,SVOD subscribers,2022-12-31,335000,52550.0,18.60506284298107,43.0,27.0,8.0,False,False
ESPN D2C,USA,SVOD subscribers,2021-03-31,13800000,,,8.0,,,False,False
ESPN D2C,USA,SVOD subscribers,2021-06-30,14900000,1100000.0,7.971014492753614,8.0,7.0,36.0,False,False
ESPN D2C,USA,SVOD subscribers,2021-09-30,17100000,2200000.0,14.76510067114094,8.0,5.0,17.0,False,False
ESPN D2C,USA,SVOD subscribers,2021-12-31,21300000,4200000.0,24.56140350877194,7.0,3.0,8.0,False,False
ESPN D2C,USA,SVOD subscribers,2022-03-31,22300000,1000000.0,4.694835680751175,6.0,6.0,58.0,False,False
ESPN D2C,USA,SVOD subscribers,2022-06-30,22800000,500000.0,2.2421524663677195,7.0,8.0,65.0,False,False
ESPN D2C,USA,SVOD subscribers,2022-09-30,24300000,1500000.0,6.578947368421062,7.0,5.0,40.0,False,False
ESPN D2C,USA,SVOD subscribers,2022-12-31,24900000,600000.0,2.4691358024691468,7.0,10.0,65.0,False,False
Eros Now,USA,SVOD subscribers,2021-03-31,76577,,,57.0,,,False,False
Eros Now,USA,SVOD subscribers,2021-06-30,82320,5743.0,7.499640884338632,58.0,49.0,40.0,False,False
Eros Now,USA,SVOD subscribers,2021-09-30,88494,6174.0,7.499999999999996,58.0,46.0,39.0,False,False
Eros Now,USA,SVOD subscribers,2021-12-31,95131,6637.0,7.499943498994277,57.0,50.0,42.0,False,False
Eros Now,USA,SVOD subscribers,2022-03-31,102266,7135.0,7.500183956859496,56.0,47.0,34.0,False,False
Eros Now,USA,SVOD subscribers,2022-06-30,109935,7669.0,7.499071050006845,56.0,48.0,36.0,False,False
Eros Now,USA,SVOD subscribers,2022-09-30,118181,8246.0,7.5007959248647005,56.0,46.0,31.0,False,False
Eros Now,USA,SVOD subscribers,2022-12-31,127044,8863.0,7.499513458170104,55.0,49.0,40.0,False,False
F1 TV,USA,SVOD subscribers,2021-03-31,56105,,,63.0,,,False,False
F1 TV,USA,SVOD subscribers,2021-06-30,62628,6523.0,11.626414758042959,65.0,45.0,21.0,False,False
F1 TV,USA,SVOD subscribers,2021-09-30,82200,19572.0,31.25119754742287,59.0,30.0,6.0,False,False
F1 TV,USA,SVOD subscribers,2021-12-31,80243,-1957.0,-2.380778588807786,61.0,111.0,109.0,True,False
F1 TV,USA,SVOD subscribers,2022-03-31,100700,20457.0,25.4938125443964,58.0,33.0,7.0,False,False
F1 TV,USA,SVOD subscribers,2022-06-30,120445,19745.0,19.607745779543208,54.0,32.0,7.0,False,False
F1 TV,USA,SVOD subscribers,2022-09-30,140190,19745.0,16.393374569305497,54.0,35.0,9.0,False,False
F1 TV,USA,SVOD subscribers,2022-12-31,126171,-14019.0,-9.999999999999998,56.0,115.0,112.0,True,False
FUNimation,USA,SVOD subscribers,2021-03-31,95878,,,55.0,,,False,False
FUNimation,USA,SVOD subscribers,2021-06-30,97316,1438.0,1.499822691336905,57.0,66.0,85.0,False,False
FUNimation,USA,SVOD subscribers,2021-09-30,98776,1460.0,1.500267170866043,56.0,69.0,91.0,False,False
FUNimation,USA,SVOD subscribers,2021-12-31,100258,1482.0,1.500364461002679,56.0,72.0,91.0,False,False
FUNimation,USA,SVOD subscribers,2022-03-31,101762,1504.0,1.5001296654631124,57.0,71.0,85.0,False,False
FUNimation,USA,SVOD subscribers,2022-06-30,103288,1526.0,1.4995774454118482,60.0,71.0,85.0,False,False
FUNimation,USA,SVOD subscribers,2022-09-30,104837,1549.0,1.499690186662539,60.0,77.0,84.0,False,False
FUNimation,USA,SVOD subscribers,2022-12-31,106410,1573.0,1.5004244684605705,60.0,77.0,86.0,False,False
Fanatiz,USA,SVOD subscribers,2021-03-31,4490,,,108.0,,,False,False
Fanatiz,USA,SVOD subscribers,2021-06-30,4535,45.0,1.0022271714922093,110.0,99.0,87.0,False,False
Fanatiz,USA,SVOD subscribers,2021-09-30,4580,45.0,0.9922822491730932,112.0,102.0,103.0,False,False
Fanatiz,USA,SVOD subscribers,2021-12-31,4626,46.0,1.0043668122270644,110.0,105.0,95.0,False,False
Fanatiz,USA,SVOD subscribers,2022-03-31,4673,47.0,1.0159965412883665,109.0,103.0,87.0,False,False
Fanatiz,USA,SVOD subscribers,2022-06-30,4719,46.0,0.9843783436764397,110.0,104.0,98.0,False,False
Fanatiz,USA,SVOD subscribers,2022-09-30,4766,47.0,0.9959737232464461,112.0,108.0,95.0,False,False
Fanatiz,USA,SVOD subscribers,2022-12-31,4814,48.0,1.0071338648762085,112.0,108.0,89.0,False,False
Fandor,USA,SVOD subscribers,2021-03-31,47141,,,67.0,,,False,False
Fandor,USA,SVOD subscribers,2021-06-30,48084,943.0,2.00038183322373,68.0,74.0,72.0,False,False
Fandor,USA,SVOD subscribers,2021-09-30,49046,962.0,2.0006655020381015,68.0,77.0,77.0,False,False
Fandor,USA,SVOD subscribers,2021-12-31,50027,981.0,2.0001631121804087,66.0,79.0,79.0,False,False
Fandor,USA,SVOD subscribers,2022-03-31,51027,1000.0,1.998920582885244,67.0,78.0,77.0,False,False
Fandor,USA,SVOD subscribers,2022-06-30,52048,1021.0,2.000901483528339,67.0,78.0,71.0,False,False
Fandor,USA,SVOD subscribers,2022-09-30,53089,1041.0,2.0000768521364787,70.0,83.0,71.0,False,False
Fandor,USA,SVOD subscribers,2022-12-31,54150,1061.0,1.9985307690858711,72.0,82.0,78.0,False,False
Film Movement PLus,USA,SVOD subscribers,2021-03-31,31665,,,77.0,,,False,False
Film Movement PLus,USA,SVOD subscribers,2021-06-30,28498,-3167.0,-10.001579030475282,78.0,105.0,107.0,True,False
Film Movement PLus,USA,SVOD subscribers,2021-09-30,29923,1425.0,5.000350901817674,78.0,70.0,52.0,False,False
Film Movement PLus,USA,SVOD subscribers,2021-12-31,31419,1496.0,4.999498713364292,76.0,71.0,61.0,False,False
Film Movement PLus,USA,SVOD subscribers,2022-03-31,32990,1571.0,5.000159139374261,76.0,69.0,51.0,False,False
Film Movement PLus,USA,SVOD subscribers,2022-06-30,34640,1650.0,5.001515610791141,75.0,69.0,47.0,False,False
Film Movement PLus,USA,SVOD subscribers,2022-09-30,36372,1732.0,5.000000000000004,79.0,75.0,49.0,False,False
Film Movement PLus,USA,SVOD subscribers,2022-12-31,38191,1819.0,5.00109974705818,80.0,75.0,49.0,False,False
Flix Premiere,USA,SVOD subscribers,2021-03-31,73818,,,58.0,,,False,False
Flix Premiere,USA,SVOD subscribers,2021-06-30,62745,-11073.0,-15.000406404941879,64.0,108.0,108.0,True,False
Flix Premiere,USA,SVOD subscribers,2021-09-30,65882,3137.0,4.9996015618774425,64.0,55.0,57.0,False,False
Flix Premiere,USA,SVOD subscribers,2021-12-31,69176,3294.0,4.999848213472569,62.0,57.0,60.0,False,False
Flix Premiere,USA,SVOD subscribers,2022-03-31,72635,3459.0,5.000289117613055,62.0,57.0,49.0,False,False
Flix Premiere,USA,SVOD subscribers,2022-06-30,76267,3632.0,5.000344186686867,63.0,55.0,49.0,False,False
Flix Premiere,USA,SVOD subscribers,2022-09-30,80080,3813.0,4.9995410859218214,64.0,58.0,53.0,False,False
Flix Premiere,USA,SVOD subscribers,2022-12-31,84084,4004.0,5.000000000000004,64.0,59.0,52.0,False,False
Flixfling,USA,SVOD subscribers,2021-03-31,3675,,,113.0,,,False,False
Flixfling,USA,SVOD subscribers,2021-06-30,3748,73.0,1.9863945578231235,113.0,97.0,82.0,False,False
Flixfling,USA,SVOD subscribers,2021-09-30,3823,75.0,2.001067235859133,115.0,100.0,74.0,False,False
Flixfling,USA,SVOD subscribers,2021-12-31,3900,77.0,2.014125032696845,114.0,103.0,72.0,False,False
Flixfling,USA,SVOD subscribers,2022-03-31,3978,78.0,2.0000000000000018,113.0,101.0,75.0,False,False
Flixfling,USA,SVOD subscribers,2022-06-30,4057,79.0,1.9859225741578612,113.0,102.0,82.0,False,False
Flixfling,USA,SVOD subscribers,2022-09-30,4138,81.0,1.996549174266704,116.0,106.0,79.0,False,False
Flixfling,USA,SVOD subscribers,2022-12-31,4221,83.0,2.005799903334937,115.0,105.0,68.0,False,False
FloSports,USA,SVOD subscribers,2021-03-31,435999,,,40.0,,,False,False
FloSports,USA,SVOD subscribers,2021-06-30,479599,43600.0,10.000022935832419,37.0,25.0,25.0,False,False
FloSports,USA,SVOD subscribers,2021-09-30,527559,47960.0,10.0000208507524,36.0,24.0,22.0,False,False
FloSports,USA,SVOD subscribers,2021-12-31,580315,52756.0,10.000018955225865,35.0,25.0,28.0,False,False
FloSports,USA,SVOD subscribers,2022-03-31,609331,29016.0,5.000043080051353,36.0,28.0,54.0,False,False
FloSports,USA,SVOD subscribers,2022-06-30,639797,30466.0,4.9999097370722945,36.0,26.0,52.0,False,False
FloSports,USA,SVOD subscribers,2022-09-30,671787,31990.0,5.000023444936441,36.0,30.0,47.0,False,False
FloSports,USA,SVOD subscribers,2022-12-31,705377,33590.0,5.000096756858952,35.0,29.0,51.0,False,False
Fox Nation,USA,SVOD subscribers,2021-03-31,210000,,,44.0,,,False,False
Fox Nation,USA,SVOD subscribers,2021-06-30,283500,73500.0,35.00000000000001,40.0,21.0,7.0,False,False
Fox Nation,USA,SVOD subscribers,2021-09-30,382725,99225.0,35.00000000000001,40.0,20.0,5.0,False,False
Fox Nation,USA,SVOD subscribers,2021-12-31,516679,133954.0,35.00006532105297,38.0,19.0,3.0,False,False
Fox Nation,USA,SVOD subscribers,2022-03-31,697516,180837.0,34.99987419655144,33.0,17.0,4.0,False,False
Fox Nation,USA,SVOD subscribers,2022-06-30,941647,244131.0,35.00005734635479,30.0,12.0,3.0,False,False
Fox Nation,USA,SVOD subscribers,2022-09-30,1104750,163103.0,17.321034315406948,30.0,16.0,8.0,False,False
Fox Nation,USA,SVOD subscribers,2022-12-31,1204178,99428.0,9.000045259108402,30.0,25.0,29.0,False,False
France channel,USA,SVOD subscribers,2021-06-30,5280,,,107.0,,,False,False
France channel,USA,SVOD subscribers,2021-09-30,10560,5280.0,100.0,99.0,47.0,1.0,False,False
France channel,USA,SVOD subscribers,2021-12-31,13200,2640.0,25.0,94.0,63.0,7.0,False,False
France channel,USA,SVOD subscribers,2022-03-31,15840,2640.0,19.999999999999996,91.0,60.0,9.0,False,False
France channel,USA,SVOD subscribers,2022-06-30,18480,2640.0,16.666666666666675,89.0,60.0,8.0,False,False
France channel,USA,SVOD subscribers,2022-09-30,21120,2640.0,14.28571428571428,90.0,62.0,15.0,False,False
France channel,USA,SVOD subscribers,2022-12-31,23760,2640.0,12.5,87.0,63.0,17.0,False,False
FreeCast,USA,SVOD subscribers,2021-03-31,18379,,,86.0,,,False,False
FreeCast,USA,SVOD subscribers,2021-06-30,19757,1378.0,7.497687578214274,86.0,67.0,42.0,False,False
FreeCast,USA,SVOD subscribers,2021-09-30,21239,1482.0,7.501138836867938,86.0,68.0,37.0,False,False
FreeCast,USA,SVOD subscribers,2021-12-31,22832,1593.0,7.5003531239700605,84.0,70.0,40.0,False,False
FreeCast,USA,SVOD subscribers,2022-03-31,24545,1713.0,7.502627890679747,84.0,67.0,31.0,False,False
FreeCast,USA,SVOD subscribers,2022-06-30,26385,1840.0,7.496435119168865,84.0,67.0,38.0,False,False
FreeCast,USA,SVOD subscribers,2022-09-30,28364,1979.0,7.500473754026915,86.0,72.0,32.0,False,False
FreeCast,USA,SVOD subscribers,2022-12-31,30492,2128.0,7.502467917077982,86.0,71.0,35.0,False,False
Frndly TV,USA,SVOD subscribers,2021-03-31,470000,,,38.0,,,False,False
Frndly TV,USA,SVOD subscribers,2021-06-30,500000,30000.0,6.382978723404253,36.0,30.0,47.0,False,False
Frndly TV,USA,SVOD subscribers,2021-09-30,531915,31915.0,6.383000000000005,35.0,26.0,48.0,False,False
Frndly TV,USA,SVOD subscribers,2021-12-31,565867,33952.0,6.382974723405055,36.0,26.0,46.0,False,False
Frndly TV,USA,SVOD subscribers,2022-03-31,601986,36119.0,6.3829486434091365,37.0,26.0,40.0,False,False
Frndly TV,USA,SVOD subscribers,2022-06-30,640411,38425.0,6.383038808211494,35.0,25.0,41.0,False,False
Frndly TV,USA,SVOD subscribers,2022-09-30,681288,40877.0,6.382932210720926,35.0,28.0,42.0,False,False
Frndly TV,USA,SVOD subscribers,2022-12-31,724774,43486.0,6.382910017496268,34.0,28.0,44.0,False,False
Fubo.tv USA,USA,SVOD subscribers,2021-03-31,531865,,,35.0,,,False,False
Fubo.tv USA,USA,SVOD subscribers,2021-06-30,613549,81684.0,15.358032583456339,31.0,20.0,14.0,False,False
Fubo.tv USA,USA,SVOD subscribers,2021-09-30,850145,236596.0,38.56187525364723,30.0,12.0,4.0,False,False
Fubo.tv USA,USA,SVOD subscribers,2021-12-31,1017000,166855.0,19.62665192408355,27.0,17.0,13.0,False,False
Fubo.tv USA,USA,SVOD subscribers,2022-03-31,950621,-66379.0,-6.526941986234025,30.0,111.0,108.0,True,False
Fubo.tv USA,USA,SVOD subscribers,2022-06-30,852300,-98321.0,-10.342818010542587,32.0,113.0,109.0,True,False
Fubo.tv USA,USA,SVOD subscribers,2022-09-30,1107900,255600.0,29.98944033790918,29.0,12.0,2.0,False,False
Fubo.tv USA,USA,SVOD subscribers,2022-12-31,1300500,192600.0,17.38424045491471,27.0,18.0,9.0,False,False
Fuse+,USA,SVOD subscribers,2021-09-30,41834,,,71.0,,,False,False
Fuse+,USA,SVOD subscribers,2021-12-31,48086,6252.0,14.94478175646603,67.0,51.0,17.0,False,False
Fuse+,USA,SVOD subscribers,2022-03-31,63329,15243.0,31.699455142869027,65.0,37.0,5.0,False,False
Fuse+,USA,SVOD subscribers,2022-06-30,72792,9463.0,14.942601335880878,64.0,42.0,11.0,False,False
Fuse+,USA,SVOD subscribers,2022-09-30,83669,10877.0,14.942576107264527,63.0,43.0,13.0,False,False
Fuse+,USA,SVOD subscribers,2022-12-31,96171,12502.0,14.942212766974627,62.0,42.0,14.0,False,False
Gaia.com,USA,SVOD subscribers,2021-03-31,494765,,,36.0,,,False,False
Gaia.com,USA,SVOD subscribers,2021-06-30,507134,12369.0,2.4999747354804702,35.0,40.0,65.0,False,False
Gaia.com,USA,SVOD subscribers,2021-09-30,519812,12678.0,2.4999309847101525,37.0,40.0,69.0,False,False
Gaia.com,USA,SVOD subscribers,2021-12-31,532807,12995.0,2.499942286826773,37.0,42.0,68.0,False,False
Gaia.com,USA,SVOD subscribers,2022-03-31,546128,13321.0,2.500154840308033,39.0,40.0,68.0,False,False
Gaia.com,USA,SVOD subscribers,2022-06-30,559781,13653.0,2.4999633785486086,39.0,38.0,62.0,False,False
Gaia.com,USA,SVOD subscribers,2022-09-30,573775,13994.0,2.4999062133227,39.0,40.0,63.0,False,False
Gaia.com,USA,SVOD subscribers,2022-12-31,607200,33425.0,5.825454228573923,39.0,30.0,47.0,False,False
HBO Max (2020-2023),USA,SVOD subscribers,2021-03-31,19277200,,,5.0,,,False,False
HBO Max (2020-2023),USA,SVOD subscribers,2021-06-30,22177200,2900000.0,15.043678542526928,5.0,2.0,15.0,False,False
HBO Max (2020-2023),USA,SVOD subscribers,2021-09-30,18289980,-3887220.0,-17.528001731508034,7.0,113.0,114.0,True,False
HBO Max (2020-2023),USA,SVOD subscribers,2021-12-31,19895980,1606000.0,8.78076411237192,8.0,5.0,33.0,False,False
HBO Max (2020-2023),USA,SVOD subscribers,2022-03-31,21068381,1172401.0,5.892652686623134,8.0,5.0,44.0,False,False
HBO Max (2020-2023),USA,SVOD subscribers,2022-06-30,21279064,210683.0,0.9999961553761594,8.0,15.0,94.0,False,False
HBO Max (2020-2023),USA,SVOD subscribers,2022-09-30,21438657,159593.0,0.7500000939890894,8.0,18.0,99.0,False,False
HBO Max (2020-2023),USA,SVOD subscribers,2022-12-31,21599447,160790.0,0.7500003381741616,8.0,21.0,101.0,False,False
Hallmark+,USA,SVOD subscribers,2021-03-31,1050000,,,23.0,,,False,False
Hallmark+,USA,SVOD subscribers,2021-06-30,1102500,52500.0,5.000000000000004,22.0,24.0,51.0,False,False
Hallmark+,USA,SVOD subscribers,2021-09-30,1157625,55125.0,5.000000000000004,25.0,23.0,55.0,False,False
Hallmark+,USA,SVOD subscribers,2021-12-31,1215506,57881.0,4.999978404060035,25.0,23.0,59.0,False,False
Hallmark+,USA,SVOD subscribers,2022-03-31,1276282,60776.0,5.00005758918507,25.0,23.0,53.0,False,False
Hallmark+,USA,SVOD subscribers,2022-06-30,1301807,25525.0,1.999949854342531,25.0,29.0,77.0,False,False
Hallmark+,USA,SVOD subscribers,2022-09-30,1327843,26036.0,1.9999892457176927,25.0,32.0,72.0,False,False
Hallmark+,USA,SVOD subscribers,2022-12-31,1354400,26557.0,2.0000105434151427,26.0,36.0,73.0,False,False
Hi-YAH,USA,SVOD subscribers,2021-03-31,20580,,,83.0,,,False,False
Hi-YAH,USA,SVOD subscribers,2021-06-30,20990,410.0,1.9922254616132173,84.0,81.0,80.0,False,False
Hi-YAH,USA,SVOD subscribers,2021-09-30,21410,420.0,2.0009528346831784,85.0,84.0,75.0,False,False
Hi-YAH,USA,SVOD subscribers,2021-12-31,21840,430.0,2.0084072863148172,85.0,87.0,73.0,False,False
Hi-YAH,USA,SVOD subscribers,2022-03-31,22270,430.0,1.9688644688644619,85.0,86.0,84.0,False,False
Hi-YAH,USA,SVOD subscribers,2022-06-30,22720,450.0,2.020655590480458,85.0,87.0,66.0,False,False
Hi-YAH,USA,SVOD subscribers,2022-09-30,23170,450.0,1.9806338028169002,87.0,92.0,82.0,False,False
Hi-YAH,USA,SVOD subscribers,2022-12-31,23640,470.0,2.0284851100561108,88.0,92.0,67.0,False,False
HiDive,USA,SVOD subscribers,2021-03-31,61930,,,61.0,,,False,False
HiDive,USA,SVOD subscribers,2021-06-30,65646,3716.0,6.000322945260783,62.0,53.0,49.0,False,False
HiDive,USA,SVOD subscribers,2021-09-30,69585,3939.0,6.000365597294577,62.0,52.0,50.0,False,False
HiDive,USA,SVOD subscribers,2021-12-31,89100,19515.0,28.044837249407205,59.0,34.0,5.0,False,False
HiDive,USA,SVOD subscribers,2022-03-31,94050,4950.0,5.555555555555558,61.0,51.0,47.0,False,False
HiDive,USA,SVOD subscribers,2022-06-30,101970,7920.0,8.421052631578952,61.0,46.0,25.0,False,False
HiDive,USA,SVOD subscribers,2022-09-30,105930,3960.0,3.8834951456310662,59.0,57.0,57.0,False,False
HiDive,USA,SVOD subscribers,2022-12-31,116820,10890.0,10.280373831775691,58.0,46.0,19.0,False,False
History Vault,USA,SVOD subscribers,2021-03-31,9957,,,98.0,,,False,False
History Vault,USA,SVOD subscribers,2021-06-30,10156,199.0,1.9985939540022146,98.0,87.0,77.0,False,False
History Vault,USA,SVOD subscribers,2021-09-30,10359,203.0,1.9988184324537306,100.0,89.0,87.0,False,False
History Vault,USA,SVOD subscribers,2021-12-31,10566,207.0,1.9982623805386623,97.0,93.0,87.0,False,False
History Vault,USA,SVOD subscribers,2022-03-31,10777,211.0,1.9969714177550557,98.0,91.0,79.0,False,False
History Vault,USA,SVOD subscribers,2022-06-30,10993,216.0,2.004268349262328,99.0,90.0,70.0,False,False
History Vault,USA,SVOD subscribers,2022-09-30,11213,220.0,2.0012735377058055,101.0,95.0,68.0,False,False
History Vault,USA,SVOD subscribers,2022-12-31,11437,224.0,1.9976812628199392,100.0,94.0,80.0,False,False
Hoichoi,USA,SVOD subscribers,2021-03-31,7395,,,103.0,,,False,False
Hoichoi,USA,SVOD subscribers,2021-06-30,8140,745.0,10.074374577417178,100.0,75.0,23.0,False,False
Hoichoi,USA,SVOD subscribers,2021-09-30,8960,820.0,10.073710073710075,101.0,79.0,19.0,False,False
Hoichoi,USA,SVOD subscribers,2021-12-31,9850,890.0,9.93303571428572,98.0,80.0,32.0,False,False
Hoichoi,USA,SVOD subscribers,2022-03-31,10840,990.0,10.050761421319798,97.0,79.0,18.0,False,False
Hoichoi,USA,SVOD subscribers,2022-06-30,11920,1080.0,9.963099630996307,98.0,77.0,23.0,False,False
Hoichoi,USA,SVOD subscribers,2022-09-30,13110,1190.0,9.983221476510074,99.0,81.0,25.0,False,False
Hoichoi,USA,SVOD subscribers,2022-12-31,14420,1310.0,9.992372234935164,98.0,80.0,25.0,False,False
HooplaKidz Plus,USA,SVOD subscribers,2021-03-31,15600,,,88.0,,,False,False
HooplaKidz Plus,USA,SVOD subscribers,2021-06-30,15756,156.0,1.0000000000000009,88.0,89.0,91.0,False,False
HooplaKidz Plus,USA,SVOD subscribers,2021-09-30,15913,157.0,0.9964457984259933,91.0,91.0,102.0,False,False
HooplaKidz Plus,USA,SVOD subscribers,2021-12-31,16072,159.0,0.9991830578772065,89.0,94.0,102.0,False,False
HooplaKidz Plus,USA,SVOD subscribers,2022-03-31,16233,161.0,1.0017421602787513,89.0,92.0,91.0,False,False
HooplaKidz Plus,USA,SVOD subscribers,2022-06-30,16395,162.0,0.9979671040473148,93.0,92.0,96.0,False,False
HooplaKidz Plus,USA,SVOD subscribers,2022-09-30,16559,164.0,1.0003049710277434,95.0,97.0,85.0,False,False
HooplaKidz Plus,USA,SVOD subscribers,2022-12-31,16725,166.0,1.002475994927221,96.0,96.0,90.0,False,False
Hulu,USA,SVOD subscribers,2021-03-31,41600000,,,3.0,,,False,False
Hulu,USA,SVOD subscribers,2021-06-30,42800000,1200000.0,2.8846153846153744,3.0,6.0,63.0,False,False
Hulu,USA,SVOD subscribers,2021-09-30,43700000,900000.0,2.102803738317749,3.0,6.0,71.0,False,False
Hulu,USA,SVOD subscribers,2021-12-31,45200000,1500000.0,3.4324942791762014,3.0,8.0,63.0,False,False
Hulu,USA,SVOD subscribers,2022-03-31,45500000,300000.0,0.6637168141592875,3.0,11.0,98.0,False,False
Hulu,USA,SVOD subscribers,2022-06-30,46200000,700000.0,1.538461538461533,3.0,7.0,83.0,False,False
Hulu,USA,SVOD subscribers,2022-09-30,47200000,1000000.0,2.164502164502169,3.0,7.0,65.0,False,False
Hulu,USA,SVOD subscribers,2022-12-31,48000000,800000.0,1.6949152542372836,3.0,7.0,85.0,False,False
Indieflix,USA,SVOD subscribers,2021-03-31,5513,,,106.0,,,False,False
Indieflix,USA,SVOD subscribers,2021-06-30,5623,110.0,1.995283874478515,106.0,93.0,79.0,False,False
Indieflix,USA,SVOD subscribers,2021-09-30,5735,112.0,1.9918193135336937,108.0,95.0,90.0,False,False
Indieflix,USA,SVOD subscribers,2021-12-31,5850,115.0,2.005231037489108,108.0,97.0,75.0,False,False
Indieflix,USA,SVOD subscribers,2022-03-31,5967,117.0,2.0000000000000018,107.0,95.0,75.0,False,False
Indieflix,USA,SVOD subscribers,2022-06-30,6086,119.0,1.9943019943019946,108.0,95.0,81.0,False,False
Indieflix,USA,SVOD subscribers,2022-09-30,6208,122.0,2.0046007229707508,110.0,100.0,67.0,False,False
Indieflix,USA,SVOD subscribers,2022-12-31,6332,124.0,1.997422680412364,109.0,99.0,81.0,False,False
Izzy Stream Israel,USA,SVOD subscribers,2021-03-31,10920,,,96.0,,,False,False
Izzy Stream Israel,USA,SVOD subscribers,2021-06-30,12012,1092.0,10.000000000000009,94.0,71.0,26.0,False,False
Izzy Stream Israel,USA,SVOD subscribers,2021-09-30,13213,1201.0,9.998334998335,95.0,73.0,26.0,False,False
Izzy Stream Israel,USA,SVOD subscribers,2021-12-31,14535,1322.0,10.005297812760162,92.0,74.0,27.0,False,False
Izzy Stream Israel,USA,SVOD subscribers,2022-03-31,15988,1453.0,9.996560027519784,90.0,72.0,26.0,False,False
Izzy Stream Israel,USA,SVOD subscribers,2022-06-30,17587,1599.0,10.001250938203654,91.0,70.0,19.0,False,False
Izzy Stream Israel,USA,SVOD subscribers,2022-09-30,19345,1758.0,9.996019787342924,92.0,74.0,24.0,False,False
Izzy Stream Israel,USA,SVOD subscribers,2022-12-31,21280,1935.0,10.002584647195656,91.0,73.0,20.0,False,False
Kartina.TV,USA,SVOD subscribers,2021-03-31,31680,,,76.0,,,False,False
Kartina.TV,USA,SVOD subscribers,2021-06-30,34560,2880.0,9.090909090909083,73.0,55.0,31.0,False,False
Kartina.TV,USA,SVOD subscribers,2021-09-30,37440,2880.0,8.333333333333325,74.0,57.0,32.0,False,False
Kartina.TV,USA,SVOD subscribers,2021-12-31,40320,2880.0,7.692307692307687,71.0,60.0,36.0,False,False
Kartina.TV,USA,SVOD subscribers,2022-03-31,43200,2880.0,7.14285714285714,71.0,59.0,38.0,False,False
Kartina.TV,USA,SVOD subscribers,2022-06-30,46080,2880.0,6.666666666666665,71.0,59.0,40.0,False,False
Kartina.TV,USA,SVOD subscribers,2022-09-30,48384,2304.0,5.000000000000004,72.0,66.0,49.0,False,False
Kartina.TV,USA,SVOD subscribers,2022-12-31,50803,2419.0,4.999586640211651,73.0,66.0,57.0,False,False
Kinetic TV,USA,SVOD subscribers,2021-03-31,106932,,,54.0,,,False,False
Kinetic TV,USA,SVOD subscribers,2021-06-30,128319,21387.0,20.000561104253165,53.0,32.0,10.0,False,False
Kinetic TV,USA,SVOD subscribers,2021-09-30,147567,19248.0,15.000116896172822,52.0,31.0,14.0,False,False
Kinetic TV,USA,SVOD subscribers,2021-12-31,169702,22135.0,14.999966117085805,52.0,31.0,15.0,False,False
Kinetic TV,USA,SVOD subscribers,2022-03-31,195157,25455.0,14.999823219525998,49.0,31.0,12.0,False,False
Kocowa+,USA,SVOD subscribers,2021-03-31,58842,,,62.0,,,False,False
Kocowa+,USA,SVOD subscribers,2021-06-30,60019,1177.0,2.000271914618801,67.0,69.0,73.0,False,False
Kocowa+,USA,SVOD subscribers,2021-09-30,61219,1200.0,1.9993668671587361,66.0,74.0,85.0,False,False
Kocowa+,USA,SVOD subscribers,2021-12-31,62444,1225.0,2.0010127574772607,65.0,76.0,78.0,False,False
Kocowa+,USA,SVOD subscribers,2022-03-31,63692,1248.0,1.9985907373006206,64.0,75.0,78.0,False,False
Kocowa+,USA,SVOD subscribers,2022-06-30,64966,1274.0,2.000251208943049,65.0,75.0,72.0,False,False
Kocowa+,USA,SVOD subscribers,2022-09-30,66266,1300.0,2.001046701351483,65.0,80.0,69.0,False,False
Kocowa+,USA,SVOD subscribers,2022-12-31,67591,1325.0,1.9995170977575194,66.0,79.0,77.0,False,False
Laugh Out Loud,USA,SVOD subscribers,2021-03-31,11280,,,94.0,,,False,False
Laugh Out Loud,USA,SVOD subscribers,2021-06-30,11506,226.0,2.003546099290787,95.0,84.0,69.0,False,False
Laugh Out Loud,USA,SVOD subscribers,2021-09-30,11736,230.0,1.9989570658786704,97.0,87.0,86.0,False,False
Laugh Out Loud,USA,SVOD subscribers,2021-12-31,11971,235.0,2.002385821404218,95.0,90.0,77.0,False,False
Laugh Out Loud,USA,SVOD subscribers,2022-03-31,12210,239.0,1.9964915211761802,95.0,90.0,81.0,False,False
Laugh Out Loud,USA,SVOD subscribers,2022-06-30,12454,244.0,1.9983619983620082,97.0,89.0,80.0,False,False
Laugh Out Loud,USA,SVOD subscribers,2022-09-30,12703,249.0,1.9993576361008403,100.0,94.0,77.0,False,False
Laugh Out Loud,USA,SVOD subscribers,2022-12-31,12957,254.0,1.9995276706289866,99.0,93.0,76.0,False,False
Lifetime Movie Club,USA,SVOD subscribers,2021-03-31,246000,,,43.0,,,False,False
Lifetime Movie Club,USA,SVOD subscribers,2021-06-30,238620,-7380.0,-3.0000000000000027,43.0,107.0,104.0,True,False
Lifetime Movie Club,USA,SVOD subscribers,2021-09-30,255840,17220.0,7.216494845360821,44.0,34.0,44.0,False,False
Lifetime Movie Club,USA,SVOD subscribers,2021-12-31,270600,14760.0,5.769230769230771,44.0,41.0,50.0,False,False
Lifetime Movie Club,USA,SVOD subscribers,2022-03-31,282900,12300.0,4.545454545454541,44.0,41.0,59.0,False,False
Lifetime Movie Club,USA,SVOD subscribers,2022-06-30,300120,17220.0,6.08695652173914,44.0,35.0,43.0,False,False
Lifetime Movie Club,USA,SVOD subscribers,2022-09-30,302580,2460.0,0.8196721311475308,44.0,64.0,98.0,False,False
Lifetime Movie Club,USA,SVOD subscribers,2022-12-31,285360,-17220.0,-5.691056910569103,46.0,116.0,110.0,True,False
MHz Choice,USA,SVOD subscribers,2021-03-31,156263,,,48.0,,,False,False
MHz Choice,USA,SVOD subscribers,2021-06-30,171889,15626.0,9.999808015973066,49.0,37.0,28.0,False,False
MHz Choice,USA,SVOD subscribers,2021-09-30,189078,17189.0,10.000058177079385,47.0,35.0,21.0,False,False
MHz Choice,USA,SVOD subscribers,2021-12-31,198532,9454.0,5.000052888226025,47.0,45.0,56.0,False,False
MHz Choice,USA,SVOD subscribers,2022-03-31,208459,9927.0,5.000201478854804,48.0,43.0,50.0,False,False
MHz Choice,USA,SVOD subscribers,2022-06-30,218881,10422.0,4.999544274893375,48.0,40.0,54.0,False,False
MHz Choice,USA,SVOD subscribers,2022-09-30,229826,10945.0,5.000434025794842,48.0,42.0,46.0,False,False
MHz Choice,USA,SVOD subscribers,2022-12-31,241317,11491.0,4.999869466465934,48.0,44.0,56.0,False,False
MLB.TV,USA,SVOD subscribers,2021-03-31,3309534,,,14.0,,,False,False
MLB.TV,USA,SVOD subscribers,2021-06-30,3640487,330953.0,9.999987913706288,15.0,14.0,27.0,False,False
MLB.TV,USA,SVOD subscribers,2021-09-30,3822511,182024.0,4.999990385901665,17.0,14.0,56.0,False,False
MLB.TV,USA,SVOD subscribers,2021-12-31,3631386,-191125.0,-4.9999856115521935,17.0,116.0,112.0,True,False
MLB.TV,USA,SVOD subscribers,2022-03-31,3449816,-181570.0,-5.00001927638648,17.0,112.0,107.0,True,False
MLB.TV,USA,SVOD subscribers,2022-06-30,3725802,275986.0,8.000020870678327,18.0,11.0,28.0,False,False
MLB.TV,USA,SVOD subscribers,2022-09-30,4023866,298064.0,7.999995705622576,18.0,10.0,30.0,False,False
MLB.TV,USA,SVOD subscribers,2022-12-31,4345775,321909.0,7.9999930415177944,18.0,13.0,32.0,False,False
Magellan TV Now,USA,SVOD subscribers,2021-03-31,33455,,,74.0,,,False,False
Magellan TV Now,USA,SVOD subscribers,2021-06-30,35964,2509.0,7.499626363772238,72.0,58.0,41.0,False,False
Magellan TV Now,USA,SVOD subscribers,2021-09-30,38661,2697.0,7.499165832499166,73.0,59.0,40.0,False,False
Magellan TV Now,USA,SVOD subscribers,2021-12-31,41561,2900.0,7.501099299035197,70.0,59.0,38.0,False,False
Magellan TV Now,USA,SVOD subscribers,2022-03-31,44678,3117.0,7.499819542359432,70.0,58.0,36.0,False,False
Magellan TV Now,USA,SVOD subscribers,2022-06-30,48029,3351.0,7.500335735708852,69.0,56.0,33.0,False,False
Magellan TV Now,USA,SVOD subscribers,2022-09-30,51631,3602.0,7.4996356368027595,71.0,59.0,35.0,False,False
Magellan TV Now,USA,SVOD subscribers,2022-12-31,55503,3872.0,7.499370533206795,71.0,61.0,41.0,False,False
Met Opera on Demand,USA,SVOD subscribers,2021-03-31,30575,,,78.0,,,False,False
Met Opera on Demand,USA,SVOD subscribers,2021-06-30,31187,612.0,2.0016353229762807,77.0,77.0,71.0,False,False
Met Opera on Demand,USA,SVOD subscribers,2021-09-30,31811,624.0,2.000833680700298,77.0,81.0,76.0,False,False
Met Opera on Demand,USA,SVOD subscribers,2021-12-31,32447,636.0,1.9993084153280272,75.0,82.0,85.0,False,False
Met Opera on Demand,USA,SVOD subscribers,2022-03-31,33096,649.0,2.000184916941472,75.0,81.0,71.0,False,False
Met Opera on Demand,USA,SVOD subscribers,2022-06-30,33758,662.0,2.000241721053908,77.0,80.0,73.0,False,False
Met Opera on Demand,USA,SVOD subscribers,2022-09-30,34433,675.0,1.9995260382724034,81.0,86.0,76.0,False,False
Met Opera on Demand,USA,SVOD subscribers,2022-12-31,35121,688.0,1.9980832341068178,81.0,86.0,79.0,False,False
Metrograph,USA,SVOD subscribers,2021-03-31,17175,,,87.0,,,False,False
Metrograph,USA,SVOD subscribers,2021-06-30,21468,4293.0,24.99563318777294,83.0,52.0,9.0,False,False
Metrograph,USA,SVOD subscribers,2021-09-30,25257,3789.0,17.649524874231414,82.0,53.0,12.0,False,False
Metrograph,USA,SVOD subscribers,2021-12-31,28063,2806.0,11.109791344973674,79.0,62.0,23.0,False,False
Metrograph,USA,SVOD subscribers,2022-03-31,29467,1404.0,5.003028899262385,79.0,73.0,48.0,False,False
Metrograph,USA,SVOD subscribers,2022-06-30,30940,1473.0,4.998812230630878,79.0,73.0,55.0,False,False
Metrograph,USA,SVOD subscribers,2022-09-30,32487,1547.0,5.000000000000004,82.0,78.0,49.0,False,False
Metrograph,USA,SVOD subscribers,2022-12-31,34111,1624.0,4.998922645981474,82.0,76.0,58.0,False,False
Motor Trend On Demand,USA,SVOD subscribers,2021-03-31,95454,,,56.0,,,False,False
Motor Trend On Demand,USA,SVOD subscribers,2021-06-30,97363,1909.0,1.9999161899972862,56.0,62.0,76.0,False,False
Motor Trend On Demand,USA,SVOD subscribers,2021-09-30,99310,1947.0,1.999732958105227,55.0,64.0,82.0,False,False
Motor Trend On Demand,USA,SVOD subscribers,2021-12-31,101296,1986.0,1.9997986104118404,55.0,67.0,84.0,False,False
Motor Trend On Demand,USA,SVOD subscribers,2022-03-31,103322,2026.0,2.000078976465014,55.0,63.0,73.0,False,False
Motor Trend On Demand,USA,SVOD subscribers,2022-06-30,105388,2066.0,1.9995741468419093,58.0,62.0,78.0,False,False
Motor Trend On Demand,USA,SVOD subscribers,2022-09-30,107496,2108.0,2.0002277299123294,58.0,69.0,70.0,False,False
Motor Trend On Demand,USA,SVOD subscribers,2022-12-31,109646,2150.0,2.000074421373821,59.0,70.0,71.0,False,False
Mubi,USA,SVOD subscribers,2021-03-31,41477,,,70.0,,,False,False
Mubi,USA,SVOD subscribers,2021-06-30,43344,1867.0,4.501289871495051,69.0,63.0,55.0,False,False
Mubi,USA,SVOD subscribers,2021-09-30,45294,1950.0,4.498892580287928,69.0,63.0,60.0,False,False
Mubi,USA,SVOD subscribers,2021-12-31,47332,2038.0,4.4994922064732545,68.0,65.0,62.0,False,False
Mubi,USA,SVOD subscribers,2022-03-31,49462,2130.0,4.500126764134205,69.0,62.0,60.0,False,False
Mubi,USA,SVOD subscribers,2022-06-30,51688,2226.0,4.50042456835551,68.0,61.0,56.0,False,False
Mubi,USA,SVOD subscribers,2022-09-30,54014,2326.0,4.5000773874013245,68.0,65.0,54.0,False,False
Mubi,USA,SVOD subscribers,2022-12-31,56445,2431.0,4.500685007590621,70.0,65.0,59.0,False,False
MyOutdoorTV,USA,SVOD subscribers,2021-03-31,11010,,,95.0,,,False,False
MyOutdoorTV,USA,SVOD subscribers,2021-06-30,11230,220.0,1.9981834695731227,97.0,85.0,78.0,False,False
MyOutdoorTV,USA,SVOD subscribers,2021-09-30,11460,230.0,2.048085485307216,98.0,87.0,72.0,False,False
MyOutdoorTV,USA,SVOD subscribers,2021-12-31,11690,230.0,2.006980802792313,96.0,91.0,74.0,False,False
MyOutdoorTV,USA,SVOD subscribers,2022-03-31,12860,1170.0,10.008554319931573,94.0,76.0,20.0,False,False
MyOutdoorTV,USA,SVOD subscribers,2022-06-30,14140,1280.0,9.953343701399685,95.0,74.0,24.0,False,False
MyOutdoorTV,USA,SVOD subscribers,2022-09-30,15560,1420.0,10.042432814710045,98.0,79.0,19.0,False,False
MyOutdoorTV,USA,SVOD subscribers,2022-12-31,17110,1550.0,9.961439588688936,95.0,78.0,27.0,False,False
NBA League Pass,USA,SVOD subscribers,2021-03-31,3886328,,,13.0,,,False,False
NBA League Pass,USA,SVOD subscribers,2021-06-30,4325665,439337.0,11.304681437078901,14.0,12.0,22.0,False,False
NBA League Pass,USA,SVOD subscribers,2021-09-30,3893098,-432567.0,-10.000011558916377,16.0,111.0,112.0,True,False
NBA League Pass,USA,SVOD subscribers,2021-12-31,4360270,467172.0,12.000006164756183,15.0,12.0,21.0,False,False
NBA League Pass,USA,SVOD subscribers,2022-03-31,4578284,218014.0,5.000011467179788,15.0,15.0,55.0,False,False
NBA League Pass,USA,SVOD subscribers,2022-06-30,4807198,228914.0,4.999995631551046,16.0,14.0,51.0,False,False
NBA League Pass,USA,SVOD subscribers,2022-09-30,4662982,-144216.0,-3.0000012481283256,17.0,115.0,107.0,True,False
NBA League Pass,USA,SVOD subscribers,2022-12-31,5036020,373038.0,7.999987990517665,17.0,12.0,33.0,False,False
NFL Game Pass,USA,SVOD subscribers,2021-03-31,171864,,,47.0,,,False,False
NFL Game Pass,USA,SVOD subscribers,2021-06-30,173582,1718.0,0.999627612530829,48.0,64.0,94.0,False,False
NFL Game Pass,USA,SVOD subscribers,2021-09-30,175318,1736.0,1.0001036973879884,49.0,65.0,94.0,False,False
NFL Game Pass,USA,SVOD subscribers,2021-12-31,184084,8766.0,5.000057039208761,49.0,46.0,55.0,False,False
NFL Game Pass,USA,SVOD subscribers,2022-03-31,180402,-3682.0,-2.0001738336846264,51.0,109.0,104.0,True,False
NFL Game Pass,USA,SVOD subscribers,2022-06-30,176794,-3608.0,-1.9999778272968172,50.0,110.0,105.0,True,False
NFL+,USA,SVOD subscribers,2022-09-30,203313,,,50.0,,,False,False
NFL+,USA,SVOD subscribers,2022-12-31,233810,30497.0,15.000024592623195,50.0,31.0,11.0,False,False
NHL.TV,USA,SVOD subscribers,2021-03-31,596357,,,33.0,,,False,False
NHL.TV,USA,SVOD subscribers,2021-06-30,602321,5964.0,1.000072104460914,33.0,48.0,89.0,False,False
Nebula.tv,USA,SVOD subscribers,2021-03-31,177744,,,46.0,,,False,False
Nebula.tv,USA,SVOD subscribers,2021-06-30,193200,15456.0,8.695652173913038,45.0,38.0,34.0,False,False
Nebula.tv,USA,SVOD subscribers,2021-09-30,210000,16800.0,8.695652173913038,45.0,37.0,29.0,False,False
Nebula.tv,USA,SVOD subscribers,2021-12-31,237300,27300.0,12.99999999999999,45.0,27.0,20.0,False,False
Nebula.tv,USA,SVOD subscribers,2022-03-31,272895,35595.0,14.999999999999991,45.0,27.0,11.0,False,False
Nebula.tv,USA,SVOD subscribers,2022-06-30,313829,40934.0,14.999908389673688,42.0,24.0,10.0,False,False
Nebula.tv,USA,SVOD subscribers,2022-09-30,360904,47075.0,15.000207119163612,42.0,25.0,10.0,False,False
Nebula.tv,USA,SVOD subscribers,2022-12-31,390000,29096.0,8.061977700441126,42.0,32.0,30.0,False,False
Netflix,USA,SVOD subscribers,2021-03-31,67006763,,,2.0,,,False,False
Netflix,USA,SVOD subscribers,2021-06-30,66616707,-390056.0,-0.5821143755295299,2.0,113.0,99.0,True,False
Netflix,USA,SVOD subscribers,2021-09-30,66682467,65760.0,0.09871397575986762,2.0,21.0,104.0,False,False
Netflix,USA,SVOD subscribers,2021-12-31,67823203,1140736.0,1.7106985558887677,2.0,9.0,90.0,False,False
Netflix,USA,SVOD subscribers,2022-03-31,67216065,-607138.0,-0.8951774218035724,2.0,114.0,100.0,True,False
Netflix,USA,SVOD subscribers,2022-06-30,66114129,-1101936.0,-1.63939379670619,2.0,115.0,104.0,True,False
Netflix,USA,SVOD subscribers,2022-09-30,66207955,93826.0,0.14191520242217148,2.0,22.0,100.0,False,False
Netflix,USA,SVOD subscribers,2022-12-31,67028032,820077.0,1.2386381666674273,2.0,6.0,88.0,False,False
Night Flight Plus,USA,SVOD subscribers,2021-03-31,7664,,,101.0,,,False,False
Night Flight Plus,USA,SVOD subscribers,2021-06-30,7549,-115.0,-1.5005219206680631,103.0,101.0,102.0,True,False
Night Flight Plus,USA,SVOD subscribers,2021-09-30,7436,-113.0,-1.496887004901315,105.0,104.0,108.0,True,False
Night Flight Plus,USA,SVOD subscribers,2021-12-31,7324,-112.0,-1.5061861215707406,103.0,107.0,108.0,True,False
Night Flight Plus,USA,SVOD subscribers,2022-03-31,7215,-109.0,-1.4882577826324406,105.0,105.0,103.0,True,False
Night Flight Plus,USA,SVOD subscribers,2022-06-30,7106,-109.0,-1.510741510741509,106.0,106.0,103.0,True,False
Night Flight Plus,USA,SVOD subscribers,2022-09-30,7000,-106.0,-1.4916971573318283,108.0,110.0,104.0,True,False
Night Flight Plus,USA,SVOD subscribers,2022-12-31,6895,-105.0,-1.5000000000000013,108.0,110.0,106.0,True,False
Noggin,USA,SVOD subscribers,2021-03-31,2599928,,,17.0,,,False,False
Noggin,USA,SVOD subscribers,2021-06-30,2625928,26000.0,1.0000276930745677,17.0,31.0,90.0,False,False
Noggin,USA,SVOD subscribers,2021-09-30,2652187,26259.0,0.9999893371029245,19.0,27.0,98.0,False,False
Noggin,USA,SVOD subscribers,2021-12-31,2678709,26522.0,1.000004901615159,19.0,29.0,99.0,False,False
Noggin,USA,SVOD subscribers,2022-03-31,2705496,26787.0,0.9999966401725624,19.0,29.0,94.0,False,False
Noggin,USA,SVOD subscribers,2022-06-30,2732551,27055.0,1.000001478471968,19.0,28.0,92.0,False,False
Noggin,USA,SVOD subscribers,2022-09-30,2759876,27325.0,0.9999813361214471,19.0,31.0,88.0,False,False
Noggin,USA,SVOD subscribers,2022-12-31,2787475,27599.0,1.0000086960428645,19.0,34.0,96.0,False,False
OUTtv,USA,SVOD subscribers,2021-03-31,1935,,,114.0,,,False,False
OUTtv,USA,SVOD subscribers,2021-06-30,1983,48.0,2.4806201550387597,116.0,98.0,66.0,False,False
OUTtv,USA,SVOD subscribers,2021-09-30,2033,50.0,2.521432173474536,119.0,101.0,67.0,False,False
OUTtv,USA,SVOD subscribers,2021-12-31,2083,50.0,2.4594195769798377,117.0,104.0,70.0,False,False
OUTtv,USA,SVOD subscribers,2022-03-31,2136,53.0,2.5444071051368145,116.0,102.0,66.0,False,False
OUTtv,USA,SVOD subscribers,2022-06-30,2189,53.0,2.4812734082396926,116.0,103.0,63.0,False,False
OUTtv,USA,SVOD subscribers,2022-09-30,2244,55.0,2.5125628140703515,118.0,107.0,62.0,False,False
OUTtv,USA,SVOD subscribers,2022-12-31,2300,56.0,2.4955436720142554,117.0,107.0,64.0,False,False
OVID,USA,SVOD subscribers,2021-03-31,1400,,,117.0,,,False,False
OVID,USA,SVOD subscribers,2021-06-30,1522,122.0,8.714285714285719,119.0,92.0,33.0,False,False
OVID,USA,SVOD subscribers,2021-09-30,1638,116.0,7.621550591327209,121.0,94.0,34.0,False,False
OVID,USA,SVOD subscribers,2021-12-31,1740,102.0,6.227106227106227,118.0,98.0,47.0,False,False
OVID,USA,SVOD subscribers,2022-03-31,1839,99.0,5.689655172413799,117.0,96.0,45.0,False,False
OVID,USA,SVOD subscribers,2022-06-30,1944,105.0,5.709624796084833,117.0,96.0,46.0,False,False
OVID,USA,SVOD subscribers,2022-09-30,2055,111.0,5.709876543209869,119.0,101.0,45.0,False,False
OVID,USA,SVOD subscribers,2022-12-31,2173,118.0,5.742092457420922,118.0,100.0,48.0,False,False
PBS Passport,USA,SVOD subscribers,2021-03-31,180468,,,45.0,,,False,False
PBS Passport,USA,SVOD subscribers,2021-06-30,178664,-1804.0,-0.9996232018972928,47.0,104.0,100.0,True,False
PBS Passport,USA,SVOD subscribers,2021-09-30,176877,-1787.0,-1.0002014955447058,48.0,106.0,107.0,True,False
PBS Passport,USA,SVOD subscribers,2021-12-31,175108,-1769.0,-1.000130033865343,51.0,109.0,106.0,True,False
PBS Passport,USA,SVOD subscribers,2022-03-31,173357,-1751.0,-0.9999543139091349,52.0,107.0,101.0,True,False
PBS Passport,USA,SVOD subscribers,2022-06-30,171624,-1733.0,-0.9996711987401707,51.0,108.0,101.0,True,False
PBS Passport,USA,SVOD subscribers,2022-09-30,169907,-1717.0,-1.0004428285088296,52.0,112.0,103.0,True,False
PBS Passport,USA,SVOD subscribers,2022-12-31,168208,-1699.0,-0.9999588009911298,53.0,112.0,105.0,True,False
Pantaya,USA,SVOD subscribers,2021-03-31,900000,,,24.0,,,False,False
Pantaya,USA,SVOD subscribers,2021-06-30,933000,33000.0,3.6666666666666625,24.0,28.0,56.0,False,False
Pantaya,USA,SVOD subscribers,2021-09-30,951660,18660.0,2.0000000000000018,26.0,32.0,81.0,False,False
Pantaya,USA,SVOD subscribers,2021-12-31,970693,19033.0,1.9999789840909665,28.0,35.0,82.0,False,False
Pantaya,USA,SVOD subscribers,2022-03-31,990107,19414.0,2.0000144226856476,28.0,34.0,74.0,False,False
Pantaya,USA,SVOD subscribers,2022-06-30,1009909,19802.0,1.9999858601141174,29.0,31.0,74.0,False,False
Pantaya,USA,SVOD subscribers,2022-09-30,959414,-50495.0,-4.999955441529879,31.0,114.0,108.0,True,False
Paramount+,USA,SVOD subscribers,2021-03-31,14194526,,,7.0,,,False,False
Paramount+,USA,SVOD subscribers,2021-06-30,19719526,5525000.0,38.92345542218176,7.0,1.0,6.0,False,False
Paramount+,USA,SVOD subscribers,2021-09-30,23374526,3655000.0,18.534928273630925,6.0,1.0,11.0,False,False
Paramount+,USA,SVOD subscribers,2021-12-31,31364526,7990000.0,34.182511337342206,5.0,1.0,4.0,False,False
Paramount+,USA,SVOD subscribers,2022-03-31,35774526,4410000.0,14.060470736908304,5.0,1.0,15.0,False,False
Paramount+,USA,SVOD subscribers,2022-06-30,38469526,2695000.0,7.533293383118478,5.0,1.0,30.0,False,False
Paramount+,USA,SVOD subscribers,2022-09-30,40999526,2530000.0,6.576634190917763,5.0,1.0,41.0,False,False
Paramount+,USA,SVOD subscribers,2022-12-31,46345526,5346000.0,13.039175135829616,4.0,2.0,16.0,False,False
PaulaDeen.com,USA,SVOD subscribers,2021-03-31,41010,,,71.0,,,False,False
PaulaDeen.com,USA,SVOD subscribers,2021-06-30,40600,-410.0,-0.9997561570348701,70.0,102.0,101.0,True,False
PaulaDeen.com,USA,SVOD subscribers,2021-09-30,40194,-406.0,-1.0000000000000009,72.0,105.0,106.0,True,False
PaulaDeen.com,USA,SVOD subscribers,2021-12-31,39792,-402.0,-1.0001492760113417,72.0,108.0,107.0,True,False
PaulaDeen.com,USA,SVOD subscribers,2022-03-31,39394,-398.0,-1.0002010454362664,72.0,106.0,102.0,True,False
PaulaDeen.com,USA,SVOD subscribers,2022-06-30,39000,-394.0,-1.000152307457991,72.0,107.0,102.0,True,False
PaulaDeen.com,USA,SVOD subscribers,2022-09-30,38610,-390.0,-1.0000000000000009,76.0,111.0,102.0,True,False
PaulaDeen.com,USA,SVOD subscribers,2022-12-31,38224,-386.0,-0.9997409997409945,79.0,111.0,104.0,True,False
Peacock Premium,USA,SVOD subscribers,2021-03-31,3168000,,,16.0,,,False,False
Peacock Premium,USA,SVOD subscribers,2021-06-30,5295086,2127086.0,67.14286616161615,13.0,5.0,4.0,False,False
Peacock Premium,USA,SVOD subscribers,2021-09-30,7522804,2227718.0,42.07142244715194,13.0,4.0,3.0,False,False
Peacock Premium,USA,SVOD subscribers,2021-12-31,9084592,1561788.0,20.76071634991421,13.0,6.0,11.0,False,False
Peacock Premium,USA,SVOD subscribers,2022-03-31,13164741,4080149.0,44.91284803984592,9.0,2.0,2.0,False,False
Peacock Premium,USA,SVOD subscribers,2022-06-30,13354182,189441.0,1.439002863785932,9.0,16.0,86.0,False,False
Peacock Premium,USA,SVOD subscribers,2022-09-30,15036447,1682265.0,12.597289747885721,9.0,4.0,17.0,False,False
Peacock Premium,USA,SVOD subscribers,2022-12-31,21000000,5963553.0,39.66065254644264,9.0,1.0,4.0,False,False
Philo TV,USA,SVOD subscribers,2021-03-31,815162,,,28.0,,,False,False
Philo TV,USA,SVOD subscribers,2021-06-30,831465,16303.0,1.9999705579995197,28.0,36.0,75.0,False,False
Philo TV,USA,SVOD subscribers,2021-09-30,848095,16630.0,2.000084188751172,31.0,38.0,78.0,False,False
Philo TV,USA,SVOD subscribers,2021-12-31,865056,16961.0,1.9998938798129862,31.0,37.0,83.0,False,False
Philo TV,USA,SVOD subscribers,2022-03-31,882358,17302.0,2.000101727518211,31.0,35.0,72.0,False,False
Philo TV,USA,SVOD subscribers,2022-06-30,900005,17647.0,1.9999818667706393,31.0,34.0,76.0,False,False
Philo TV,USA,SVOD subscribers,2022-09-30,918005,18000.0,1.99998888895061,32.0,37.0,73.0,False,False
Philo TV,USA,SVOD subscribers,2022-12-31,936365,18360.0,1.9999891068131381,31.0,39.0,74.0,False,False
Poker Go,USA,SVOD subscribers,2021-03-31,7728,,,100.0,,,False,False
Poker Go,USA,SVOD subscribers,2021-06-30,7805,77.0,0.9963768115942129,102.0,95.0,96.0,False,False
Poker Go,USA,SVOD subscribers,2021-09-30,7883,78.0,0.9993593850096127,104.0,98.0,99.0,False,False
Poker Go,USA,SVOD subscribers,2021-12-31,7962,79.0,1.0021565393885545,101.0,102.0,96.0,False,False
Poker Go,USA,SVOD subscribers,2022-03-31,8042,80.0,1.0047726701833737,102.0,99.0,88.0,False,False
Poker Go,USA,SVOD subscribers,2022-06-30,8122,80.0,0.9947774185526059,103.0,101.0,97.0,False,False
Poker Go,USA,SVOD subscribers,2022-09-30,8203,81.0,0.9972913075597223,105.0,106.0,93.0,False,False
Poker Go,USA,SVOD subscribers,2022-12-31,8285,82.0,0.9996342801414038,105.0,106.0,99.0,False,False
Pumpone,USA,SVOD subscribers,2021-03-31,4077,,,111.0,,,False,False
Pumpone,USA,SVOD subscribers,2021-06-30,4159,82.0,2.011282805984793,111.0,94.0,68.0,False,False
Pumpone,USA,SVOD subscribers,2021-09-30,4242,83.0,1.995672036547247,113.0,97.0,89.0,False,False
Pumpone,USA,SVOD subscribers,2021-12-31,4327,85.0,2.003771805751997,111.0,100.0,76.0,False,False
Pumpone,USA,SVOD subscribers,2022-03-31,4413,86.0,1.9875202218627264,111.0,97.0,83.0,False,False
Pumpone,USA,SVOD subscribers,2022-06-30,4502,89.0,2.0167686381146632,111.0,98.0,67.0,False,False
Pumpone,USA,SVOD subscribers,2022-09-30,4592,90.0,1.9991115059973419,113.0,103.0,78.0,False,False
Pumpone,USA,SVOD subscribers,2022-12-31,4683,91.0,1.981707317073167,113.0,101.0,83.0,False,False
Pureflix,USA,SVOD subscribers,2021-03-31,612149,,,32.0,,,False,False
Pureflix,USA,SVOD subscribers,2021-06-30,632350,20201.0,3.3000135587904156,30.0,33.0,60.0,False,False
Pureflix,USA,SVOD subscribers,2021-09-30,653218,20868.0,3.3000711631216983,33.0,28.0,63.0,False,False
Pureflix,USA,SVOD subscribers,2021-12-31,674774,21556.0,3.299970300879651,33.0,32.0,64.0,False,False
Pureflix,USA,SVOD subscribers,2022-03-31,697042,22268.0,3.3000678745772616,34.0,32.0,63.0,False,False
Pureflix,USA,SVOD subscribers,2022-06-30,720044,23002.0,3.299944623136053,34.0,30.0,57.0,False,False
Pureflix,USA,SVOD subscribers,2022-09-30,743805,23761.0,3.2999372260584137,34.0,33.0,58.0,False,False
Pureflix,USA,SVOD subscribers,2022-12-31,768351,24546.0,3.3000584830701563,33.0,38.0,60.0,False,False
Qello Concerts,USA,SVOD subscribers,2021-03-31,14766,,,90.0,,,False,False
Qello Concerts,USA,SVOD subscribers,2021-06-30,14913,147.0,0.9955302722470583,91.0,90.0,97.0,False,False
Qello Concerts,USA,SVOD subscribers,2021-09-30,15063,150.0,1.0058338362502584,92.0,92.0,93.0,False,False
Qello Concerts,USA,SVOD subscribers,2021-12-31,15213,150.0,0.9958175662218682,91.0,95.0,104.0,False,False
Qello Concerts,USA,SVOD subscribers,2022-03-31,15365,152.0,0.9991454676921085,92.0,93.0,97.0,False,False
Qello Concerts,USA,SVOD subscribers,2022-06-30,15519,154.0,1.0022779043280083,94.0,94.0,88.0,False,False
Qello Concerts,USA,SVOD subscribers,2022-09-30,15674,155.0,0.9987756943101944,97.0,99.0,92.0,False,False
Qello Concerts,USA,SVOD subscribers,2022-12-31,15831,157.0,1.0016587980094416,97.0,98.0,91.0,False,False
Qwest TV,USA,SVOD subscribers,2021-03-31,15382,,,89.0,,,False,False
Qwest TV,USA,SVOD subscribers,2021-06-30,17689,2307.0,14.998049668443624,87.0,60.0,16.0,False,False
Qwest TV,USA,SVOD subscribers,2021-09-30,20343,2654.0,15.00367460003391,88.0,60.0,13.0,False,False
Qwest TV,USA,SVOD subscribers,2021-12-31,23394,3051.0,14.997787936882467,83.0,58.0,16.0,False,False
Qwest TV,USA,SVOD subscribers,2022-03-31,26903,3509.0,14.99957253996751,83.0,56.0,13.0,False,False
Qwest TV,USA,SVOD subscribers,2022-06-30,30939,4036.0,15.002044381667478,80.0,54.0,9.0,False,False
Qwest TV,USA,SVOD subscribers,2022-09-30,35579,4640.0,14.997252658456972,80.0,54.0,12.0,False,False
Qwest TV,USA,SVOD subscribers,2022-12-31,40916,5337.0,15.000421597009472,75.0,55.0,10.0,False,False
Rabbit TV Plus,USA,SVOD subscribers,2021-03-31,13659,,,91.0,,,False,False
Rabbit TV Plus,USA,SVOD subscribers,2021-06-30,14281,622.0,4.553774068379823,92.0,76.0,54.0,False,False
Rabbit TV Plus,USA,SVOD subscribers,2021-09-30,14931,650.0,4.551501995658569,93.0,80.0,59.0,False,False
Retrocrush,USA,SVOD subscribers,2021-03-31,24218,,,82.0,,,False,False
Retrocrush,USA,SVOD subscribers,2021-06-30,26182,1964.0,8.109670493021714,80.0,61.0,35.0,False,False
Retrocrush,USA,SVOD subscribers,2021-09-30,28305,2123.0,8.108624245664963,81.0,62.0,33.0,False,False
Retrocrush,USA,SVOD subscribers,2021-12-31,30600,2295.0,8.108108108108114,77.0,64.0,34.0,False,False
Retrocrush,USA,SVOD subscribers,2022-03-31,32436,1836.0,6.000000000000005,77.0,66.0,43.0,False,False
Retrocrush,USA,SVOD subscribers,2022-06-30,34382,1946.0,5.999506720927372,76.0,65.0,45.0,False,False
Retrocrush,USA,SVOD subscribers,2022-09-30,36445,2063.0,6.000232679890649,78.0,70.0,43.0,False,False
Retrocrush,USA,SVOD subscribers,2022-12-31,38632,2187.0,6.000823158183555,78.0,69.0,45.0,False,False
Rooster Teeth,USA,SVOD subscribers,2021-03-31,279604,,,41.0,,,False,False
Rooster Teeth,USA,SVOD subscribers,2021-06-30,282400,2796.0,0.9999856940530183,41.0,56.0,92.0,False,False
Rooster Teeth,USA,SVOD subscribers,2021-09-30,285224,2824.0,1.0000000000000009,42.0,58.0,97.0,False,False
Rooster Teeth,USA,SVOD subscribers,2021-12-31,288077,2853.0,1.0002664572406283,43.0,61.0,98.0,False,False
Rooster Teeth,USA,SVOD subscribers,2022-03-31,290957,2880.0,0.9997327103517417,43.0,59.0,96.0,False,False
Rooster Teeth,USA,SVOD subscribers,2022-06-30,293867,2910.0,1.000147788161132,45.0,58.0,90.0,False,False
Rooster Teeth,USA,SVOD subscribers,2022-09-30,296806,2939.0,1.0001122956983854,45.0,61.0,86.0,False,False
Rooster Teeth,USA,SVOD subscribers,2022-12-31,299774,2968.0,0.9999797847752401,45.0,62.0,98.0,False,False
Screambox,USA,SVOD subscribers,2021-03-31,54089,,,65.0,,,False,False
Screambox,USA,SVOD subscribers,2021-06-30,60851,6762.0,12.501617704154256,66.0,44.0,19.0,False,False
Screambox,USA,SVOD subscribers,2021-09-30,65414,4563.0,7.498644229347096,65.0,50.0,42.0,False,False
Screambox,USA,SVOD subscribers,2021-12-31,81768,16354.0,25.000764362368912,60.0,39.0,6.0,False,False
Screambox,USA,SVOD subscribers,2022-03-31,98122,16354.0,20.000489188924764,59.0,36.0,8.0,False,False
Screambox,USA,SVOD subscribers,2022-06-30,117746,19624.0,19.999592344224524,55.0,33.0,6.0,False,False
Screambox,USA,SVOD subscribers,2022-09-30,141295,23549.0,19.999830142849873,53.0,34.0,5.0,False,False
Screambox,USA,SVOD subscribers,2022-12-31,169554,28259.0,19.999999999999996,52.0,33.0,7.0,False,False
Showtime Streaming,USA,SVOD subscribers,2021-03-31,9815467,,,10.0,,,False,False
Showtime Streaming,USA,SVOD subscribers,2021-06-30,10502549,687082.0,6.999992970278446,9.0,9.0,46.0,False,False
Showtime Streaming,USA,SVOD subscribers,2021-09-30,11237728,735179.0,7.000005427253897,9.0,9.0,45.0,False,False
Showtime Streaming,USA,SVOD subscribers,2021-12-31,12024369,786641.0,7.000000355943836,9.0,10.0,45.0,False,False
Showtime Streaming,USA,SVOD subscribers,2022-03-31,12505343,480974.0,3.999993679502012,10.0,10.0,61.0,False,False
Showtime Streaming,USA,SVOD subscribers,2022-06-30,12192710,-312633.0,-2.4999954019653825,12.0,114.0,107.0,True,False
Showtime Streaming,USA,SVOD subscribers,2022-09-30,11887892,-304818.0,-2.5000020504055254,13.0,116.0,105.0,True,False
Showtime Streaming,USA,SVOD subscribers,2022-12-31,11590695,-297197.0,-2.4999974764239097,13.0,118.0,107.0,True,False
Shudder,USA,SVOD subscribers,2021-03-31,814239,,,29.0,,,False,False
Shudder,USA,SVOD subscribers,2021-06-30,871236,56997.0,7.00003315979707,26.0,23.0,44.0,False,False
Shudder,USA,SVOD subscribers,2021-09-30,932222,60986.0,6.999940314679365,27.0,22.0,47.0,False,False
Shudder,USA,SVOD subscribers,2021-12-31,1035000,102778.0,11.025056263422229,26.0,20.0,24.0,False,False
Shudder,USA,SVOD subscribers,2022-03-31,1092500,57500.0,5.555555555555558,26.0,24.0,47.0,False,False
Shudder,USA,SVOD subscribers,2022-06-30,1184500,92000.0,8.421052631578952,26.0,20.0,25.0,False,False
Shudder,USA,SVOD subscribers,2022-09-30,1230500,46000.0,3.8834951456310662,26.0,26.0,57.0,False,False
Shudder,USA,SVOD subscribers,2022-12-31,1357000,126500.0,10.280373831775691,25.0,22.0,19.0,False,False
Sling TV,USA,SVOD subscribers,2021-03-31,2374000,,,18.0,,,False,False
Sling TV,USA,SVOD subscribers,2021-06-30,2439000,65000.0,2.7379949452400965,19.0,22.0,64.0,False,False
Sling TV,USA,SVOD subscribers,2021-09-30,2556000,117000.0,4.797047970479706,20.0,19.0,58.0,False,False
Sling TV,USA,SVOD subscribers,2021-12-31,2486000,-70000.0,-2.7386541471048464,20.0,115.0,110.0,True,False
Sling TV,USA,SVOD subscribers,2022-03-31,2252000,-234000.0,-9.41271118262269,20.0,113.0,109.0,True,False
Sling TV,USA,SVOD subscribers,2022-06-30,2197000,-55000.0,-2.442273534635875,21.0,112.0,106.0,True,False
Sling TV,USA,SVOD subscribers,2022-09-30,2411000,214000.0,9.740555302685472,20.0,14.0,27.0,False,False
Sling TV,USA,SVOD subscribers,2022-12-31,2334000,-77000.0,-3.1936955620074703,23.0,117.0,109.0,True,False
Smithsonian Earth TV,USA,SVOD subscribers,2021-03-31,3728,,,112.0,,,False,False
Smithsonian Earth TV,USA,SVOD subscribers,2021-06-30,3803,75.0,2.011802575107291,112.0,96.0,67.0,False,False
Smithsonian Earth TV,USA,SVOD subscribers,2021-09-30,3879,76.0,1.9984222981856536,114.0,99.0,88.0,False,False
Smithsonian Earth TV,USA,SVOD subscribers,2021-12-31,3956,77.0,1.9850476927043115,113.0,103.0,89.0,False,False
Smithsonian Earth TV,USA,SVOD subscribers,2022-03-31,4035,79.0,1.9969666329625824,112.0,100.0,80.0,False,False
Smithsonian Earth TV,USA,SVOD subscribers,2022-06-30,4116,81.0,2.007434944237918,112.0,100.0,69.0,False,False
Smithsonian Earth TV,USA,SVOD subscribers,2022-09-30,4198,82.0,1.9922254616132173,115.0,105.0,81.0,False,False
Smithsonian Earth TV,USA,SVOD subscribers,2022-12-31,4282,84.0,2.0009528346831784,114.0,104.0,70.0,False,False
Spuul,USA,SVOD subscribers,2021-03-31,35752,,,73.0,,,False,False
Starz,USA,SVOD subscribers,2021-03-31,10000000,,,9.0,,,False,False
Starz,USA,SVOD subscribers,2021-06-30,9700000,-300000.0,-3.0000000000000027,10.0,112.0,104.0,True,False
Starz,USA,SVOD subscribers,2021-09-30,10400000,700000.0,7.216494845360821,10.0,10.0,44.0,False,False
Starz,USA,SVOD subscribers,2021-12-31,11000000,600000.0,5.769230769230771,11.0,11.0,50.0,False,False
Starz,USA,SVOD subscribers,2022-03-31,11500000,500000.0,4.545454545454541,12.0,9.0,59.0,False,False
Starz,USA,SVOD subscribers,2022-06-30,12200000,700000.0,6.08695652173914,11.0,7.0,43.0,False,False
Starz,USA,SVOD subscribers,2022-09-30,12300000,100000.0,0.8196721311475308,12.0,21.0,98.0,False,False
Starz,USA,SVOD subscribers,2022-12-31,11600000,-700000.0,-5.691056910569103,12.0,119.0,110.0,True,False
Struum,USA,SVOD subscribers,2021-06-30,183504,,,46.0,,,False,False
Struum,USA,SVOD subscribers,2021-09-30,201854,18350.0,9.999782021100367,46.0,33.0,25.0,False,False
Struum,USA,SVOD subscribers,2021-12-31,211947,10093.0,5.000148622271539,46.0,44.0,53.0,False,False
Struum,USA,SVOD subscribers,2022-03-31,222544,10597.0,4.999834864376473,46.0,42.0,57.0,False,False
Struum,USA,SVOD subscribers,2022-06-30,233672,11128.0,5.000359479473726,47.0,39.0,48.0,False,False
Struum,USA,SVOD subscribers,2022-09-30,245355,11683.0,4.999743229826414,47.0,41.0,52.0,False,False
Struum,USA,SVOD subscribers,2022-12-31,257623,12268.0,5.000101893175191,47.0,43.0,50.0,False,False
Sun NXT,USA,SVOD subscribers,2021-03-31,10370,,,97.0,,,False,False
Sun NXT,USA,SVOD subscribers,2021-06-30,11403,1033.0,9.961427193828353,96.0,72.0,29.0,False,False
Sun NXT,USA,SVOD subscribers,2021-09-30,12540,1137.0,9.971060247303342,96.0,75.0,28.0,False,False
Sun NXT,USA,SVOD subscribers,2021-12-31,13790,1250.0,9.968102073365227,93.0,75.0,31.0,False,False
Sun NXT,USA,SVOD subscribers,2022-03-31,15170,1380.0,10.007251631617109,93.0,74.0,21.0,False,False
Sun NXT,USA,SVOD subscribers,2022-06-30,16690,1520.0,10.019775873434412,92.0,72.0,16.0,False,False
Sun NXT,USA,SVOD subscribers,2022-09-30,18360,1670.0,10.005991611743559,94.0,76.0,20.0,False,False
Sun NXT,USA,SVOD subscribers,2022-12-31,20190,1830.0,9.967320261437917,92.0,74.0,26.0,False,False
Sundance Now,USA,SVOD subscribers,2021-03-31,838221,,,26.0,,,False,False
Sundance Now,USA,SVOD subscribers,2021-06-30,880132,41911.0,4.999994034986011,25.0,26.0,52.0,False,False
Sundance Now,USA,SVOD subscribers,2021-09-30,924139,44007.0,5.000045447728296,28.0,25.0,54.0,False,False
Sundance Now,USA,SVOD subscribers,2021-12-31,945000,20861.0,2.25734440381804,29.0,33.0,71.0,False,False
Sundance Now,USA,SVOD subscribers,2022-03-31,997500,52500.0,5.555555555555558,27.0,25.0,47.0,False,False
Sundance Now,USA,SVOD subscribers,2022-06-30,1081500,84000.0,8.421052631578952,27.0,23.0,25.0,False,False
Sundance Now,USA,SVOD subscribers,2022-09-30,1123500,42000.0,3.8834951456310662,28.0,27.0,57.0,False,False
Sundance Now,USA,SVOD subscribers,2022-12-31,1239000,115500.0,10.280373831775691,29.0,24.0,19.0,False,False
TVPlayer USA,USA,SVOD subscribers,2021-06-30,15000,,,90.0,,,False,False
TVPlayer USA,USA,SVOD subscribers,2021-09-30,19500,4500.0,30.000000000000004,89.0,51.0,7.0,False,False
TVPlayer USA,USA,SVOD subscribers,2021-12-31,23400,3900.0,19.999999999999996,82.0,55.0,12.0,False,False
TVPlayer USA,USA,SVOD subscribers,2022-03-31,28080,4680.0,19.999999999999996,80.0,54.0,9.0,False,False
TVPlayer USA,USA,SVOD subscribers,2022-06-30,33696,5616.0,19.999999999999996,78.0,51.0,5.0,False,False
TVPlayer USA,USA,SVOD subscribers,2022-09-30,40435,6739.0,19.999406457739788,73.0,50.0,6.0,False,False
TVPlayer USA,USA,SVOD subscribers,2022-12-31,48522,8087.0,19.999999999999996,74.0,52.0,7.0,False,False
TVision,USA,SVOD subscribers,2021-03-31,42500,,,69.0,,,False,False
TYT Network,USA,SVOD subscribers,2021-03-31,32537,,,75.0,,,False,False
TYT Network,USA,SVOD subscribers,2021-06-30,33513,976.0,2.9996619233487953,75.0,73.0,62.0,False,False
TYT Network,USA,SVOD subscribers,2021-09-30,34518,1005.0,2.9988362724912676,76.0,76.0,65.0,False,False
TYT Network,USA,SVOD subscribers,2021-12-31,35554,1036.0,3.0013326380439187,74.0,78.0,65.0,False,False
TYT Network,USA,SVOD subscribers,2022-03-31,36620,1066.0,2.998256173707592,74.0,77.0,65.0,False,False
TYT Network,USA,SVOD subscribers,2022-06-30,37719,1099.0,3.001092299289998,73.0,76.0,58.0,False,False
TYT Network,USA,SVOD subscribers,2022-09-30,38851,1132.0,3.001140009014014,75.0,82.0,59.0,False,False
TYT Network,USA,SVOD subscribers,2022-12-31,40016,1165.0,2.9986358137499725,76.0,81.0,62.0,False,False
Tastemade+,USA,SVOD subscribers,2021-03-31,143379,,,49.0,,,False,False
Tastemade+,USA,SVOD subscribers,2021-06-30,154132,10753.0,7.4997035828119785,50.0,41.0,39.0,False,False
Tastemade+,USA,SVOD subscribers,2021-09-30,165692,11560.0,7.500064879453983,51.0,41.0,38.0,False,False
Tastemade+,USA,SVOD subscribers,2021-12-31,178119,12427.0,7.500060352944016,50.0,43.0,41.0,False,False
Tastemade+,USA,SVOD subscribers,2022-03-31,191478,13359.0,7.500042106681493,50.0,39.0,35.0,False,False
Tastemade+,USA,SVOD subscribers,2022-06-30,205839,14361.0,7.500078337981386,49.0,37.0,34.0,False,False
Tastemade+,USA,SVOD subscribers,2022-09-30,221277,15438.0,7.500036436243862,49.0,39.0,33.0,False,False
Tastemade+,USA,SVOD subscribers,2022-12-31,237873,16596.0,7.500101682506544,49.0,40.0,38.0,False,False
Tennis Channel Plus,USA,SVOD subscribers,2021-03-31,12988,,,92.0,,,False,False
Tennis Channel Plus,USA,SVOD subscribers,2021-06-30,15585,2597.0,19.995380351093317,89.0,57.0,12.0,False,False
Tennis Channel Plus,USA,SVOD subscribers,2021-09-30,18702,3117.0,19.999999999999996,90.0,56.0,10.0,False,False
Tennis Channel Plus,USA,SVOD subscribers,2021-12-31,16832,-1870.0,-9.998930595658218,88.0,110.0,114.0,True,False
Tennis Channel Plus,USA,SVOD subscribers,2022-03-31,18515,1683.0,9.998811787072249,87.0,68.0,25.0,False,False
Tennis Channel Plus,USA,SVOD subscribers,2022-06-30,20367,1852.0,10.002700513097484,88.0,66.0,18.0,False,False
Tennis Channel Plus,USA,SVOD subscribers,2022-09-30,22403,2036.0,9.996563067707577,88.0,71.0,23.0,False,False
Tennis Channel Plus,USA,SVOD subscribers,2022-12-31,20163,-2240.0,-9.998660893630317,93.0,113.0,111.0,True,False
The Criterion Channel,USA,SVOD subscribers,2021-03-31,36575,,,72.0,,,False,False
The Criterion Channel,USA,SVOD subscribers,2021-06-30,39867,3292.0,9.000683526999321,71.0,54.0,32.0,False,False
The Criterion Channel,USA,SVOD subscribers,2021-09-30,43256,3389.0,8.500765043770532,70.0,54.0,31.0,False,False
The Criterion Channel,USA,SVOD subscribers,2021-12-31,46716,3460.0,7.998890327353436,69.0,56.0,35.0,False,False
The Criterion Channel,USA,SVOD subscribers,2022-03-31,50453,3737.0,7.999400633615883,68.0,55.0,28.0,False,False
The Criterion Channel,USA,SVOD subscribers,2022-06-30,54489,4036.0,7.999524309753636,66.0,54.0,29.0,False,False
The Criterion Channel,USA,SVOD subscribers,2022-09-30,58849,4360.0,8.00161500486336,66.0,55.0,28.0,False,False
The Criterion Channel,USA,SVOD subscribers,2022-12-31,63557,4708.0,8.000135941137486,68.0,58.0,31.0,False,False
The Film Detective,USA,SVOD subscribers,2021-03-31,4249,,,110.0,,,False,False
The Film Detective,USA,SVOD subscribers,2021-06-30,4568,319.0,7.5076488585549495,109.0,82.0,37.0,False,False
The Film Detective,USA,SVOD subscribers,2021-09-30,4911,343.0,7.5087565674255785,111.0,86.0,35.0,False,False
The Film Detective,USA,SVOD subscribers,2021-12-31,5279,368.0,7.493382203217269,109.0,89.0,44.0,False,False
The Film Detective,USA,SVOD subscribers,2022-03-31,5675,396.0,7.501420723621899,108.0,88.0,33.0,False,False
The Film Detective,USA,SVOD subscribers,2022-06-30,6101,426.0,7.506607929515408,107.0,88.0,32.0,False,False
The Film Detective,USA,SVOD subscribers,2022-09-30,6558,457.0,7.490575315522041,109.0,91.0,38.0,False,False
The Film Detective,USA,SVOD subscribers,2022-12-31,7050,492.0,7.502287282708142,107.0,91.0,36.0,False,False
Topic,USA,SVOD subscribers,2021-03-31,5843,,,105.0,,,False,False
Topic,USA,SVOD subscribers,2021-06-30,6281,438.0,7.496149238404937,105.0,80.0,43.0,False,False
Topic,USA,SVOD subscribers,2021-09-30,6752,471.0,7.498805922623797,107.0,83.0,41.0,False,False
Topic,USA,SVOD subscribers,2021-12-31,7258,506.0,7.494075829383884,104.0,84.0,43.0,False,False
Topic,USA,SVOD subscribers,2022-03-31,7803,545.0,7.5089556351612075,103.0,83.0,30.0,False,False
Topic,USA,SVOD subscribers,2022-06-30,8388,585.0,7.497116493656275,102.0,83.0,37.0,False,False
Topic,USA,SVOD subscribers,2022-09-30,9017,629.0,7.498807820696229,103.0,87.0,37.0,False,False
Topic,USA,SVOD subscribers,2022-12-31,9693,676.0,7.496950205168007,102.0,87.0,42.0,False,False
True Story,USA,SVOD subscribers,2021-03-31,1500,,,116.0,,,False,False
True Story,USA,SVOD subscribers,2021-06-30,1800,300.0,19.999999999999996,117.0,83.0,11.0,False,False
True Story,USA,SVOD subscribers,2021-09-30,2160,360.0,19.999999999999996,118.0,85.0,10.0,False,False
True Story,USA,SVOD subscribers,2021-12-31,2592,432.0,19.999999999999996,116.0,86.0,12.0,False,False
True Story,USA,SVOD subscribers,2022-03-31,3110,518.0,19.984567901234573,115.0,85.0,10.0,False,False
True Story,USA,SVOD subscribers,2022-06-30,3732,622.0,19.999999999999996,114.0,81.0,5.0,False,False
True Story,USA,SVOD subscribers,2022-09-30,4479,747.0,20.016077170418,114.0,85.0,4.0,False,False
True Story,USA,SVOD subscribers,2022-12-31,5375,896.0,20.004465282429116,111.0,84.0,6.0,False,False
UFC Fight Pass,USA,SVOD subscribers,2021-03-31,556580,,,34.0,,,False,False
UFC Fight Pass,USA,SVOD subscribers,2021-06-30,564928,8348.0,1.4998742319163538,34.0,42.0,84.0,False,False
UFC Fight Pass,USA,SVOD subscribers,2021-09-30,573402,8474.0,1.500014161096641,34.0,42.0,92.0,False,False
UFC Fight Pass,USA,SVOD subscribers,2021-12-31,582003,8601.0,1.49999476806848,34.0,47.0,92.0,False,False
UFC Fight Pass,USA,SVOD subscribers,2022-03-31,590733,8730.0,1.499992268081085,38.0,44.0,86.0,False,False
UFC Fight Pass,USA,SVOD subscribers,2022-06-30,599594,8861.0,1.5000008464060688,38.0,44.0,84.0,False,False
UFC Fight Pass,USA,SVOD subscribers,2022-09-30,608588,8994.0,1.5000150101568632,38.0,45.0,83.0,False,False
UFC Fight Pass,USA,SVOD subscribers,2022-12-31,617717,9129.0,1.500029576659423,38.0,48.0,87.0,False,False
Univision Now,USA,SVOD subscribers,2021-03-31,20434,,,84.0,,,False,False
Univision Now,USA,SVOD subscribers,2021-06-30,20639,205.0,1.003229910932757,85.0,86.0,86.0,False,False
Univision Now,USA,SVOD subscribers,2021-09-30,20845,206.0,0.9981103735646091,87.0,88.0,101.0,False,False
Univision Now,USA,SVOD subscribers,2021-12-31,21053,208.0,0.9978412089230115,86.0,92.0,103.0,False,False
Univision Now,USA,SVOD subscribers,2022-03-31,21264,211.0,1.00223246093194,86.0,91.0,90.0,False,False
Univision Now,USA,SVOD subscribers,2022-06-30,21477,213.0,1.0016930022573423,86.0,91.0,89.0,False,False
Univision Now,USA,SVOD subscribers,2022-09-30,21691,214.0,0.9964147692880676,89.0,96.0,94.0,False,False
Univision Now,USA,SVOD subscribers,2022-12-31,21908,217.0,1.000414918629855,90.0,95.0,92.0,False,False
VRV,USA,SVOD subscribers,2021-03-31,470253,,,37.0,,,False,False
VRV,USA,SVOD subscribers,2021-06-30,474956,4703.0,1.0000999461991844,38.0,50.0,88.0,False,False
VRV,USA,SVOD subscribers,2021-09-30,479706,4750.0,1.0000926401603438,38.0,48.0,95.0,False,False
VRV,USA,SVOD subscribers,2021-12-31,484503,4797.0,0.9999874923390495,40.0,53.0,100.0,False,False
VRV,USA,SVOD subscribers,2022-03-31,489348,4845.0,0.9999938080878845,40.0,52.0,95.0,False,False
VRV,USA,SVOD subscribers,2022-06-30,494241,4893.0,0.9999019102969742,40.0,52.0,95.0,False,False
VRV,USA,SVOD subscribers,2022-09-30,499183,4942.0,0.9999170445187611,40.0,52.0,90.0,False,False
VRV,USA,SVOD subscribers,2022-12-31,504175,4992.0,1.0000340556469256,40.0,56.0,95.0,False,False
Viaplay,USA,SVOD subscribers,2021-12-31,6000,,,107.0,,,False,False
Viaplay,USA,SVOD subscribers,2022-03-31,11000,5000.0,83.33333333333333,96.0,50.0,1.0,False,False
Viaplay,USA,SVOD subscribers,2022-06-30,21000,10000.0,90.90909090909092,87.0,41.0,1.0,False,False
Viaplay,USA,SVOD subscribers,2022-09-30,40000,19000.0,90.47619047619047,74.0,36.0,1.0,False,False
Viaplay,USA,SVOD subscribers,2022-12-31,66000,26000.0,64.99999999999999,67.0,37.0,2.0,False,False
Vidgo,USA,SVOD subscribers,2021-03-31,30000,,,79.0,,,False,False
Vidgo,USA,SVOD subscribers,2021-06-30,65000,35000.0,116.66666666666666,63.0,27.0,2.0,False,False
Vidgo,USA,SVOD subscribers,2021-09-30,71500,6500.0,10.000000000000009,61.0,45.0,23.0,False,False
Vidgo,USA,SVOD subscribers,2021-12-31,64350,-7150.0,-9.999999999999998,63.0,113.0,115.0,True,False
Vidgo,USA,SVOD subscribers,2022-03-31,54698,-9652.0,-14.999222999222994,66.0,110.0,110.0,True,False
Vidgo,USA,SVOD subscribers,2022-06-30,46493,-8205.0,-15.000548466123076,70.0,111.0,110.0,True,False
Vidgo,USA,SVOD subscribers,2022-09-30,53467,6974.0,15.000107543070996,69.0,49.0,11.0,False,False
Vidgo,USA,SVOD subscribers,2022-12-31,61487,8020.0,14.999906484373549,69.0,53.0,12.0,False,False
Viki,USA,SVOD subscribers,2021-03-31,126963,,,51.0,,,False,False
Viki,USA,SVOD subscribers,2021-06-30,133311,6348.0,4.99988185534368,52.0,47.0,53.0,False,False
Viki,USA,SVOD subscribers,2021-09-30,139977,6666.0,5.000337556540724,53.0,44.0,53.0,False,False
Viki,USA,SVOD subscribers,2021-12-31,146976,6999.0,5.000107160462086,53.0,49.0,54.0,False,False
Viki,USA,SVOD subscribers,2022-03-31,154325,7349.0,5.000136076638362,53.0,46.0,52.0,False,False
Viki,USA,SVOD subscribers,2022-06-30,162041,7716.0,4.999838004211887,52.0,47.0,53.0,False,False
Viki,USA,SVOD subscribers,2022-09-30,170143,8102.0,4.999969143611804,51.0,47.0,51.0,False,False
Viki,USA,SVOD subscribers,2022-12-31,178650,8507.0,4.9999118388649455,51.0,50.0,55.0,False,False
Vix Premium,USA,SVOD subscribers,2022-09-30,19010,,,93.0,,,False,False
Vix Premium,USA,SVOD subscribers,2022-12-31,636400,617390.0,3247.71173066807,37.0,9.0,1.0,False,False
WOW Presents Plus,USA,SVOD subscribers,2021-03-31,48593,,,66.0,,,False,False
WOW Presents Plus,USA,SVOD subscribers,2021-06-30,34015,-14578.0,-30.000205790957544,74.0,110.0,110.0,True,False
WOW Presents Plus,USA,SVOD subscribers,2021-09-30,34866,851.0,2.5018374246655872,75.0,78.0,68.0,False,False
WOW Presents Plus,USA,SVOD subscribers,2021-12-31,35737,871.0,2.498135719612238,73.0,81.0,69.0,False,False
WOW Presents Plus,USA,SVOD subscribers,2022-03-31,36631,894.0,2.501608976690828,73.0,80.0,67.0,False,False
WOW Presents Plus,USA,SVOD subscribers,2022-06-30,37547,916.0,2.500614233845644,74.0,79.0,60.0,False,False
WOW Presents Plus,USA,SVOD subscribers,2022-09-30,38485,938.0,2.4982022531760295,77.0,84.0,64.0,False,False
WOW Presents Plus,USA,SVOD subscribers,2022-12-31,39447,962.0,2.4996751981291476,77.0,83.0,63.0,False,False
WWE Network,USA,SVOD subscribers,2021-03-31,1175425,,,22.0,,,False,False
WatchTV,USA,SVOD subscribers,2021-03-31,117327,,,53.0,,,False,False
WatchTV,USA,SVOD subscribers,2021-06-30,105594,-11733.0,-10.00025569561993,55.0,109.0,106.0,True,False
WatchTV,USA,SVOD subscribers,2021-09-30,95035,-10559.0,-9.999621190597951,57.0,109.0,111.0,True,False
Wow! TV+,USA,SVOD subscribers,2021-03-31,45214,,,68.0,,,False,False
Wow! TV+,USA,SVOD subscribers,2021-06-30,76221,31007.0,68.57831645065689,59.0,29.0,3.0,False,False
Wow! TV+,USA,SVOD subscribers,2021-09-30,57821,-18400.0,-24.140328780782195,67.0,110.0,115.0,True,False
Wow! TV+,USA,SVOD subscribers,2021-12-31,63603,5782.0,9.99982705245499,64.0,52.0,29.0,False,False
Wow! TV+,USA,SVOD subscribers,2022-03-31,69964,6361.0,10.001100577016796,63.0,48.0,23.0,False,False
Wow! TV+,USA,SVOD subscribers,2022-06-30,76960,6996.0,9.999428277399813,62.0,49.0,21.0,False,False
Wow! TV+,USA,SVOD subscribers,2022-09-30,84656,7696.0,10.000000000000009,62.0,48.0,21.0,False,False
Wow! TV+,USA,SVOD subscribers,2022-12-31,93122,8466.0,10.00047250047249,63.0,51.0,21.0,False,False
YouTube Premium,USA,SVOD subscribers,2021-03-31,7828762,,,11.0,,,False,False
YouTube Premium,USA,SVOD subscribers,2021-06-30,8270690,441928.0,5.644928278570727,11.0,11.0,50.0,False,False
YouTube Premium,USA,SVOD subscribers,2021-09-30,8712618,441928.0,5.343302674867512,12.0,11.0,51.0,False,False
YouTube Premium,USA,SVOD subscribers,2021-12-31,9154546,441928.0,5.072275635176471,12.0,13.0,52.0,False,False
YouTube Premium,USA,SVOD subscribers,2022-03-31,10378571,1224025.0,13.370679441667566,13.0,4.0,17.0,False,False
YouTube Premium,USA,SVOD subscribers,2022-06-30,11620731,1242160.0,11.96850703242287,13.0,4.0,14.0,False,False
YouTube Premium,USA,SVOD subscribers,2022-09-30,12862891,1242160.0,10.689172651875346,11.0,6.0,18.0,False,False
YouTube Premium,USA,SVOD subscribers,2022-12-31,14105052,1242161.0,9.656934821262197,10.0,4.0,28.0,False,False
YouTube TV USA,USA,SVOD subscribers,2021-03-31,3228750,,,15.0,,,False,False
YouTube TV USA,USA,SVOD subscribers,2021-06-30,3341756,113006.0,3.499992257065432,16.0,19.0,57.0,False,False
YouTube TV USA,USA,SVOD subscribers,2021-09-30,4177195,835439.0,25.0,15.0,7.0,9.0,False,False
YouTube TV USA,USA,SVOD subscribers,2021-12-31,4406941,229746.0,5.500006583365158,14.0,15.0,51.0,False,False
YouTube TV USA,USA,SVOD subscribers,2022-03-31,4693392,286451.0,6.499996255906315,14.0,12.0,39.0,False,False
YouTube TV USA,USA,SVOD subscribers,2022-06-30,5021930,328538.0,7.000011931669037,14.0,10.0,39.0,False,False
YouTube TV USA,USA,SVOD subscribers,2022-09-30,5273026,251096.0,4.999990043668467,14.0,13.0,50.0,False,False
YouTube TV USA,USA,SVOD subscribers,2022-12-31,5536677,263651.0,4.999994310667155,16.0,15.0,53.0,False,False
Yuppflix,USA,SVOD subscribers,2021-03-31,8226,,,99.0,,,False,False
Yuppflix,USA,SVOD subscribers,2021-06-30,8308,82.0,0.9968392900559175,99.0,94.0,95.0,False,False
Yuppflix,USA,SVOD subscribers,2021-09-30,8391,83.0,0.9990370727010145,102.0,97.0,100.0,False,False
Yuppflix,USA,SVOD subscribers,2021-12-31,8475,84.0,1.0010725777618967,100.0,101.0,97.0,False,False
Yuppflix,USA,SVOD subscribers,2022-03-31,8560,85.0,1.0029498525073732,101.0,98.0,89.0,False,False
Yuppflix,USA,SVOD subscribers,2022-06-30,8646,86.0,1.004672897196257,101.0,99.0,87.0,False,False
Yuppflix,USA,SVOD subscribers,2022-09-30,8732,86.0,0.9946796206338204,104.0,104.0,96.0,False,False
Yuppflix,USA,SVOD subscribers,2022-12-31,8819,87.0,0.9963353183692236,103.0,103.0,100.0,False,False
i-ON TV,USA,SVOD subscribers,2021-03-31,1725,,,115.0,,,False,False
i-ON TV,USA,SVOD subscribers,2021-06-30,1725,0.0,0.0,118.0,100.0,98.0,False,True
i-ON TV,USA,SVOD subscribers,2021-09-30,1725,0.0,0.0,120.0,103.0,105.0,False,True
i-ON TV,USA,SVOD subscribers,2021-12-31,1725,0.0,0.0,119.0,106.0,105.0,False,True
i-ON TV,USA,SVOD subscribers,2022-03-31,1725,0.0,0.0,118.0,104.0,99.0,False,True
i-ON TV,USA,SVOD subscribers,2022-06-30,1725,0.0,0.0,118.0,105.0,100.0,False,True
i-ON TV,USA,SVOD subscribers,2022-09-30,1725,0.0,0.0,120.0,109.0,101.0,False,True
i-ON TV,USA,SVOD subscribers,2022-12-31,1725,0.0,0.0,119.0,109.0,103.0,False,True
iQiYi,USA,SVOD subscribers,2022-06-30,126680,,,53.0,,,False,False
iQiYi,USA,SVOD subscribers,2022-09-30,129220,2540.0,2.00505209977897,55.0,63.0,66.0,False,False
iQiYi,USA,SVOD subscribers,2022-12-31,131800,2580.0,1.9965949543414352,54.0,64.0,82.0,False,False
